wall_start,wall_end,round,position,mc,nc,kc,workers,time_ms
2026-08-15 19:06:28.515,2026-08-15 19:06:29.809,0,1,16,2048,384,8,1293.58
2026-08-15 19:06:29.876,2026-08-15 19:06:31.266,0,2,64,512,128,8,1390.86
2026-08-15 19:06:31.325,2026-08-15 19:06:32.656,0,3,32,256,198,8,1330.93
2026-08-15 19:06:32.718,2026-08-15 19:06:34.122,0,4,16,128,256,8,1403.92
2026-08-15 19:06:34.182,2026-08-15 19:06:35.766,0,5,16,128,128,8,1583.64
2026-08-15 19:06:35.815,2026-08-15 19:06:37.198,0,6,32,128,198,8,1383.66
2026-08-15 19:06:37.261,2026-08-15 19:06:38.630,0,7,32,512,198,8,1368.93
2026-08-15 19:06:38.692,2026-08-15 19:06:39.993,0,8,32,2048,384,8,1301.37
2026-08-15 19:06:40.056,2026-08-15 19:06:41.477,0,9,16,128,198,8,1421.52
2026-08-15 19:06:41.534,2026-08-15 19:06:42.831,0,10,32,2048,198,8,1296.64
2026-08-15 19:06:42.893,2026-08-15 19:06:44.285,0,11,32,128,256,8,1392.27
2026-08-15 19:06:44.347,2026-08-15 19:06:45.626,0,12,32,2048,256,8,1278.58
2026-08-15 19:06:45.688,2026-08-15 19:06:47.005,0,13,64,256,384,8,1316.85
2026-08-15 19:06:47.068,2026-08-15 19:06:48.391,0,14,64,512,198,8,1323.51
2026-08-15 19:06:48.454,2026-08-15 19:06:49.751,0,15,32,256,384,8,1297.14
2026-08-15 19:06:49.813,2026-08-15 19:06:51.106,0,16,64,2048,198,8,1293.13
2026-08-15 19:06:51.169,2026-08-15 19:06:52.415,0,17,64,1024,384,8,1245.86
2026-08-15 19:06:52.477,2026-08-15 19:06:53.742,0,18,16,512,384,8,1264.57
2026-08-15 19:06:53.803,2026-08-15 19:06:55.157,0,19,64,128,384,8,1353.41
2026-08-15 19:06:55.219,2026-08-15 19:06:56.579,0,20,16,128,384,8,1360.64
2026-08-15 19:06:56.642,2026-08-15 19:06:58.019,0,21,64,256,128,8,1377.93
2026-08-15 19:06:58.082,2026-08-15 19:06:59.380,0,22,16,1024,256,8,1297.93
2026-08-15 19:06:59.443,2026-08-15 19:07:00.800,0,23,64,128,198,8,1356.66
2026-08-15 19:07:00.859,2026-08-15 19:07:02.170,0,24,16,2048,198,8,1310.55
2026-08-15 19:07:02.233,2026-08-15 19:07:03.522,0,25,64,1024,256,8,1289.54
2026-08-15 19:07:03.585,2026-08-15 19:07:04.890,0,26,32,2048,128,8,1305.59
2026-08-15 19:07:04.953,2026-08-15 19:07:06.221,0,27,64,2048,256,8,1268.66
2026-08-15 19:07:06.284,2026-08-15 19:07:07.545,0,28,32,1024,256,8,1261.08
2026-08-15 19:07:07.608,2026-08-15 19:07:08.851,0,29,64,2048,384,8,1242.97
2026-08-15 19:07:08.913,2026-08-15 19:07:10.211,0,30,64,1024,128,8,1297.65
2026-08-15 19:07:10.273,2026-08-15 19:07:11.640,0,31,64,128,128,8,1366.65
2026-08-15 19:07:11.690,2026-08-15 19:07:12.982,0,32,32,512,384,8,1291.48
2026-08-15 19:07:13.044,2026-08-15 19:07:14.411,0,33,32,128,384,8,1366.66
2026-08-15 19:07:14.474,2026-08-15 19:07:15.811,0,34,64,256,256,8,1337.42
2026-08-15 19:07:15.873,2026-08-15 19:07:17.185,0,35,64,512,256,8,1312.45
2026-08-15 19:07:17.248,2026-08-15 19:07:18.572,0,36,16,512,198,8,1324.01
2026-08-15 19:07:18.632,2026-08-15 19:07:19.896,0,37,16,2048,256,8,1264.32
2026-08-15 19:07:19.959,2026-08-15 19:07:21.238,0,38,64,1024,198,8,1279.67
2026-08-15 19:07:21.303,2026-08-15 19:07:22.633,0,39,32,512,128,8,1330.08
2026-08-15 19:07:22.696,2026-08-15 19:07:24.047,0,40,16,512,128,8,1351.39
2026-08-15 19:07:24.107,2026-08-15 19:07:25.461,0,41,32,256,128,8,1354.59
2026-08-15 19:07:25.522,2026-08-15 19:07:26.833,0,42,32,1024,128,8,1311.33
2026-08-15 19:07:26.896,2026-08-15 19:07:28.191,0,43,16,1024,198,8,1294.59
2026-08-15 19:07:28.254,2026-08-15 19:07:29.516,0,44,32,1024,384,8,1262.05
2026-08-15 19:07:29.578,2026-08-15 19:07:30.865,0,45,16,1024,128,8,1286.41
2026-08-15 19:07:30.927,2026-08-15 19:07:32.284,0,46,16,256,198,8,1356.94
2026-08-15 19:07:32.344,2026-08-15 19:07:33.639,0,47,16,2048,128,8,1295.05
2026-08-15 19:07:33.702,2026-08-15 19:07:34.979,0,48,32,512,256,8,1277.11
2026-08-15 19:07:35.040,2026-08-15 19:07:36.366,0,49,32,256,256,8,1326.28
2026-08-15 19:07:36.427,2026-08-15 19:07:37.705,0,50,16,512,256,8,1277.83
2026-08-15 19:07:37.768,2026-08-15 19:07:39.042,0,51,32,1024,198,8,1274.69
2026-08-15 19:07:39.105,2026-08-15 19:07:40.395,0,52,64,512,384,8,1289.83
2026-08-15 19:07:40.456,2026-08-15 19:07:41.767,0,53,64,256,198,8,1310.48
2026-08-15 19:07:41.830,2026-08-15 19:07:43.251,0,54,32,128,128,8,1421.71
2026-08-15 19:07:43.300,2026-08-15 19:07:44.606,0,55,64,2048,128,8,1305.18
2026-08-15 19:07:44.668,2026-08-15 19:07:45.997,0,56,16,256,256,8,1329.4
2026-08-15 19:07:46.059,2026-08-15 19:07:47.462,0,57,16,256,128,8,1403.81
2026-08-15 19:07:47.522,2026-08-15 19:07:48.777,0,58,16,1024,384,8,1255.32
2026-08-15 19:07:48.840,2026-08-15 19:07:50.179,0,59,64,128,256,8,1338.85
2026-08-15 19:07:50.241,2026-08-15 19:07:51.544,0,60,16,256,384,8,1302.59
2026-08-15 19:07:51.606,2026-08-15 19:07:52.928,1,61,16,2048,128,8,1321.69
2026-08-15 19:07:52.990,2026-08-15 19:07:54.260,1,62,32,512,256,8,1269.81
2026-08-15 19:07:54.322,2026-08-15 19:07:55.622,1,63,16,512,198,8,1299.45
2026-08-15 19:07:55.684,2026-08-15 19:07:56.954,1,64,64,512,256,8,1270.12
2026-08-15 19:07:57.016,2026-08-15 19:07:58.568,1,65,16,128,128,8,1551.72
2026-08-15 19:07:58.615,2026-08-15 19:07:59.888,1,66,32,2048,198,8,1272.97
2026-08-15 19:07:59.950,2026-08-15 19:08:01.251,1,67,32,1024,128,8,1300.59
2026-08-15 19:08:01.315,2026-08-15 19:08:02.582,1,68,16,1024,256,8,1266.64
2026-08-15 19:08:02.644,2026-08-15 19:08:04.020,1,69,16,128,256,8,1375.55
2026-08-15 19:08:04.080,2026-08-15 19:08:05.449,1,70,16,256,128,8,1369.63
2026-08-15 19:08:05.509,2026-08-15 19:08:06.798,1,71,16,1024,198,8,1289.35
2026-08-15 19:08:06.860,2026-08-15 19:08:08.112,1,72,64,2048,384,8,1251.64
2026-08-15 19:08:08.175,2026-08-15 19:08:09.394,1,73,32,2048,384,8,1219.5
2026-08-15 19:08:09.457,2026-08-15 19:08:10.752,1,74,64,256,256,8,1294.93
2026-08-15 19:08:10.815,2026-08-15 19:08:12.027,1,75,32,1024,384,8,1212.98
2026-08-15 19:08:12.090,2026-08-15 19:08:13.392,1,76,64,1024,128,8,1301.7
2026-08-15 19:08:13.454,2026-08-15 19:08:14.702,1,77,64,2048,198,8,1247.42
2026-08-15 19:08:14.764,2026-08-15 19:08:16.144,1,78,32,128,128,8,1380.2
2026-08-15 19:08:16.193,2026-08-15 19:08:17.458,1,79,16,512,384,8,1264.36
2026-08-15 19:08:17.520,2026-08-15 19:08:18.875,1,80,32,128,198,8,1354.76
2026-08-15 19:08:18.931,2026-08-15 19:08:20.225,1,81,32,256,384,8,1294.82
2026-08-15 19:08:20.289,2026-08-15 19:08:21.604,1,82,32,2048,128,8,1314.96
2026-08-15 19:08:21.669,2026-08-15 19:08:22.964,1,83,16,1024,128,8,1295.18
2026-08-15 19:08:23.026,2026-08-15 19:08:24.438,1,84,32,512,128,8,1411.24
2026-08-15 19:08:24.500,2026-08-15 19:08:25.890,1,85,64,512,128,8,1390.4
2026-08-15 19:08:25.953,2026-08-15 19:08:27.304,1,86,64,128,256,8,1351.45
2026-08-15 19:08:27.367,2026-08-15 19:08:28.671,1,87,16,512,256,8,1303.57
2026-08-15 19:08:28.731,2026-08-15 19:08:29.985,1,88,64,1024,384,8,1253.93
2026-08-15 19:08:30.048,2026-08-15 19:08:31.346,1,89,32,256,256,8,1298.65
2026-08-15 19:08:31.409,2026-08-15 19:08:32.650,1,90,16,2048,256,8,1241.09
2026-08-15 19:08:32.712,2026-08-15 19:08:34.034,1,91,32,256,198,8,1322.15
2026-08-15 19:08:34.095,2026-08-15 19:08:35.376,1,92,32,512,198,8,1280.5
2026-08-15 19:08:35.438,2026-08-15 19:08:36.779,1,93,32,128,256,8,1340.83
2026-08-15 19:08:36.842,2026-08-15 19:08:38.118,1,94,16,2048,198,8,1276.98
2026-08-15 19:08:38.182,2026-08-15 19:08:39.422,1,95,16,1024,384,8,1240.72
2026-08-15 19:08:39.485,2026-08-15 19:08:40.762,1,96,64,2048,128,8,1277.26
2026-08-15 19:08:40.827,2026-08-15 19:08:42.060,1,97,32,2048,256,8,1233.07
2026-08-15 19:08:42.123,2026-08-15 19:08:43.521,1,98,64,256,128,8,1397.92
2026-08-15 19:08:43.579,2026-08-15 19:08:44.956,1,99,64,128,198,8,1376.99
2026-08-15 19:08:45.015,2026-08-15 19:08:46.445,1,100,64,128,128,8,1429.46
2026-08-15 19:08:46.499,2026-08-15 19:08:47.814,1,101,16,2048,384,8,1314.89
2026-08-15 19:08:47.877,2026-08-15 19:08:49.267,1,102,16,128,384,8,1390.51
2026-08-15 19:08:49.330,2026-08-15 19:08:50.847,1,103,32,128,384,8,1517.13
2026-08-15 19:08:50.904,2026-08-15 19:08:52.413,1,104,16,128,198,8,1509.15
2026-08-15 19:08:52.471,2026-08-15 19:08:53.875,1,105,64,512,198,8,1404.72
2026-08-15 19:08:53.938,2026-08-15 19:08:55.314,1,106,16,256,198,8,1376.1
2026-08-15 19:08:55.375,2026-08-15 19:08:56.685,1,107,64,512,384,8,1310.15
2026-08-15 19:08:56.748,2026-08-15 19:08:58.142,1,108,64,128,384,8,1394.05
2026-08-15 19:08:58.205,2026-08-15 19:08:59.502,1,109,64,1024,198,8,1297.18
2026-08-15 19:08:59.565,2026-08-15 19:09:00.848,1,110,32,512,384,8,1283.93
2026-08-15 19:09:00.914,2026-08-15 19:09:02.203,1,111,32,1024,198,8,1288.91
2026-08-15 19:09:02.266,2026-08-15 19:09:03.511,1,112,64,1024,256,8,1244.63
2026-08-15 19:09:03.573,2026-08-15 19:09:04.881,1,113,16,256,256,8,1308.4
2026-08-15 19:09:04.942,2026-08-15 19:09:06.223,1,114,16,256,384,8,1281.29
2026-08-15 19:09:06.286,2026-08-15 19:09:07.629,1,115,32,256,128,8,1342.5
2026-08-15 19:09:07.688,2026-08-15 19:09:08.997,1,116,64,256,384,8,1308.69
2026-08-15 19:09:09.059,2026-08-15 19:09:10.312,1,117,32,1024,256,8,1253.7
2026-08-15 19:09:10.375,2026-08-15 19:09:11.627,1,118,64,2048,256,8,1251.76
2026-08-15 19:09:11.689,2026-08-15 19:09:13.040,1,119,16,512,128,8,1350.55
2026-08-15 19:09:13.100,2026-08-15 19:09:14.410,1,120,64,256,198,8,1309.82
2026-08-15 19:09:14.471,2026-08-15 19:09:15.757,2,121,32,2048,198,8,1285.5
2026-08-15 19:09:15.819,2026-08-15 19:09:17.143,2,122,64,128,198,8,1323.85
2026-08-15 19:09:17.203,2026-08-15 19:09:18.498,2,123,32,512,256,8,1295.73
2026-08-15 19:09:18.559,2026-08-15 19:09:19.839,2,124,16,1024,256,8,1279.84
2026-08-15 19:09:19.902,2026-08-15 19:09:21.153,2,125,32,1024,256,8,1251.59
2026-08-15 19:09:21.219,2026-08-15 19:09:22.566,2,126,16,256,198,8,1347.95
2026-08-15 19:09:22.626,2026-08-15 19:09:23.922,2,127,32,512,198,8,1296.1
2026-08-15 19:09:23.984,2026-08-15 19:09:25.349,2,128,16,128,256,8,1365.17
2026-08-15 19:09:25.410,2026-08-15 19:09:26.711,2,129,32,512,384,8,1300.89
2026-08-15 19:09:26.773,2026-08-15 19:09:28.116,2,130,64,512,128,8,1342.55
2026-08-15 19:09:28.178,2026-08-15 19:09:29.426,2,131,32,1024,384,8,1247.91
2026-08-15 19:09:29.488,2026-08-15 19:09:30.788,2,132,16,2048,128,8,1299.65
2026-08-15 19:09:30.851,2026-08-15 19:09:32.080,2,133,16,2048,384,8,1229.02
2026-08-15 19:09:32.142,2026-08-15 19:09:33.526,2,134,16,256,128,8,1384.2
2026-08-15 19:09:33.582,2026-08-15 19:09:34.974,2,135,16,128,198,8,1391.18
2026-08-15 19:09:35.031,2026-08-15 19:09:36.290,2,136,16,2048,256,8,1258.61
2026-08-15 19:09:36.352,2026-08-15 19:09:37.659,2,137,32,256,384,8,1307.2
2026-08-15 19:09:37.720,2026-08-15 19:09:39.030,2,138,64,512,198,8,1309.89
2026-08-15 19:09:39.092,2026-08-15 19:09:40.338,2,139,16,1024,384,8,1245.54
2026-08-15 19:09:40.401,2026-08-15 19:09:41.944,2,140,16,128,128,8,1542.84
2026-08-15 19:09:41.992,2026-08-15 19:09:43.355,2,141,32,128,384,8,1362.47
2026-08-15 19:09:43.417,2026-08-15 19:09:44.754,2,142,32,1024,128,8,1336.73
2026-08-15 19:09:44.817,2026-08-15 19:09:46.118,2,143,32,1024,198,8,1301.1
2026-08-15 19:09:46.180,2026-08-15 19:09:47.456,2,144,64,2048,384,8,1275.84
2026-08-15 19:09:47.519,2026-08-15 19:09:48.809,2,145,16,1024,128,8,1290.31
2026-08-15 19:09:48.872,2026-08-15 19:09:50.135,2,146,16,2048,198,8,1263.03
2026-08-15 19:09:50.198,2026-08-15 19:09:51.472,2,147,64,1024,198,8,1273.81
2026-08-15 19:09:51.534,2026-08-15 19:09:52.882,2,148,32,128,198,8,1348.09
2026-08-15 19:09:52.939,2026-08-15 19:09:54.291,2,149,64,256,128,8,1352.6
2026-08-15 19:09:54.352,2026-08-15 19:09:55.636,2,150,64,2048,198,8,1284.03
2026-08-15 19:09:55.698,2026-08-15 19:09:57.059,2,151,64,128,256,8,1360.53
2026-08-15 19:09:57.121,2026-08-15 19:09:58.410,2,152,32,2048,256,8,1288.35
2026-08-15 19:09:58.472,2026-08-15 19:09:59.789,2,153,16,256,256,8,1316.45
2026-08-15 19:09:59.851,2026-08-15 19:10:01.200,2,154,64,256,198,8,1348.87
2026-08-15 19:10:01.266,2026-08-15 19:10:02.573,2,155,16,512,256,8,1307.42
2026-08-15 19:10:02.635,2026-08-15 19:10:03.899,2,156,64,512,384,8,1264.54
2026-08-15 19:10:03.961,2026-08-15 19:10:05.259,2,157,16,256,384,8,1297.89
2026-08-15 19:10:05.320,2026-08-15 19:10:06.612,2,158,16,512,198,8,1291.66
2026-08-15 19:10:06.672,2026-08-15 19:10:08.035,2,159,32,128,256,8,1362.4
2026-08-15 19:10:08.097,2026-08-15 19:10:09.456,2,160,32,256,198,8,1359.53
2026-08-15 19:10:09.519,2026-08-15 19:10:10.793,2,161,64,1024,256,8,1274.11
2026-08-15 19:10:10.855,2026-08-15 19:10:12.122,2,162,32,2048,384,8,1266.54
2026-08-15 19:10:12.185,2026-08-15 19:10:13.535,2,163,16,512,128,8,1350.56
2026-08-15 19:10:13.596,2026-08-15 19:10:14.923,2,164,32,512,128,8,1327.27
2026-08-15 19:10:14.985,2026-08-15 19:10:16.283,2,165,64,256,384,8,1298.62
2026-08-15 19:10:16.346,2026-08-15 19:10:17.736,2,166,64,128,128,8,1390.22
2026-08-15 19:10:17.787,2026-08-15 19:10:19.101,2,167,64,1024,128,8,1314.08
2026-08-15 19:10:19.163,2026-08-15 19:10:20.453,2,168,16,512,384,8,1289.72
2026-08-15 19:10:20.514,2026-08-15 19:10:21.870,2,169,64,128,384,8,1355.76
2026-08-15 19:10:21.933,2026-08-15 19:10:23.300,2,170,32,256,128,8,1366.66
2026-08-15 19:10:23.362,2026-08-15 19:10:24.695,2,171,32,256,256,8,1333.28
2026-08-15 19:10:24.758,2026-08-15 19:10:26.132,2,172,16,128,384,8,1373.89
2026-08-15 19:10:26.194,2026-08-15 19:10:27.541,2,173,64,256,256,8,1346.4
2026-08-15 19:10:27.603,2026-08-15 19:10:29.038,2,174,32,128,128,8,1434.8
2026-08-15 19:10:29.091,2026-08-15 19:10:30.384,2,175,16,1024,198,8,1293.08
2026-08-15 19:10:30.446,2026-08-15 19:10:31.734,2,176,64,2048,256,8,1288.26
2026-08-15 19:10:31.797,2026-08-15 19:10:33.085,2,177,64,512,256,8,1287.82
2026-08-15 19:10:33.147,2026-08-15 19:10:34.429,2,178,64,2048,128,8,1281.51
2026-08-15 19:10:34.491,2026-08-15 19:10:35.791,2,179,32,2048,128,8,1299.73
2026-08-15 19:10:35.853,2026-08-15 19:10:37.104,2,180,64,1024,384,8,1251.16
2026-08-15 19:10:37.166,2026-08-15 19:10:38.402,3,181,16,2048,384,8,1235.21
2026-08-15 19:10:38.464,2026-08-15 19:10:39.838,3,182,64,128,128,8,1373.46
2026-08-15 19:10:39.887,2026-08-15 19:10:41.182,3,183,32,256,256,8,1295.18
2026-08-15 19:10:41.246,2026-08-15 19:10:42.531,3,184,32,2048,198,8,1285.19
2026-08-15 19:10:42.594,2026-08-15 19:10:43.940,3,185,32,256,198,8,1345.84
2026-08-15 19:10:44.002,2026-08-15 19:10:45.344,3,186,32,256,128,8,1341.89
2026-08-15 19:10:45.405,2026-08-15 19:10:46.721,3,187,32,2048,128,8,1316.03
2026-08-15 19:10:46.783,2026-08-15 19:10:48.150,3,188,16,512,128,8,1366.3
2026-08-15 19:10:48.210,2026-08-15 19:10:49.516,3,189,16,512,198,8,1306.03
2026-08-15 19:10:49.576,2026-08-15 19:10:50.880,3,190,64,2048,128,8,1303.28
2026-08-15 19:10:50.942,2026-08-15 19:10:52.362,3,191,32,128,128,8,1419.98
2026-08-15 19:10:52.411,2026-08-15 19:10:53.740,3,192,64,256,256,8,1328.29
2026-08-15 19:10:53.801,2026-08-15 19:10:55.089,3,193,32,512,384,8,1287.97
2026-08-15 19:10:55.151,2026-08-15 19:10:56.523,3,194,32,128,198,8,1372.55
2026-08-15 19:10:56.581,2026-08-15 19:10:57.970,3,195,16,128,256,8,1389.44
2026-08-15 19:10:58.033,2026-08-15 19:10:59.340,3,196,64,1024,256,8,1306.94
2026-08-15 19:10:59.403,2026-08-15 19:11:00.783,3,197,16,128,384,8,1380.33
2026-08-15 19:11:00.850,2026-08-15 19:11:02.199,3,198,64,256,128,8,1348.63
2026-08-15 19:11:02.260,2026-08-15 19:11:03.589,3,199,32,512,198,8,1329.41
2026-08-15 19:11:03.651,2026-08-15 19:11:04.953,3,200,16,256,384,8,1302
2026-08-15 19:11:05.016,2026-08-15 19:11:06.287,3,201,64,2048,256,8,1271.28
2026-08-15 19:11:06.350,2026-08-15 19:11:07.634,3,202,32,256,384,8,1284.36
2026-08-15 19:11:07.697,2026-08-15 19:11:08.982,3,203,32,1024,128,8,1285.62
2026-08-15 19:11:09.045,2026-08-15 19:11:10.310,3,204,16,1024,256,8,1265.18
2026-08-15 19:11:10.372,2026-08-15 19:11:11.624,3,205,16,512,384,8,1251.4
2026-08-15 19:11:11.686,2026-08-15 19:11:12.944,3,206,16,1024,198,8,1257.3
2026-08-15 19:11:13.005,2026-08-15 19:11:14.237,3,207,64,2048,384,8,1231.58
2026-08-15 19:11:14.299,2026-08-15 19:11:15.510,3,208,64,1024,384,8,1211.07
2026-08-15 19:11:15.572,2026-08-15 19:11:16.853,3,209,16,1024,128,8,1280.95
2026-08-15 19:11:16.915,2026-08-15 19:11:18.142,3,210,32,1024,384,8,1226.86
2026-08-15 19:11:18.205,2026-08-15 19:11:19.424,3,211,16,2048,256,8,1218.52
2026-08-15 19:11:19.486,2026-08-15 19:11:20.755,3,212,64,256,384,8,1269.47
2026-08-15 19:11:20.822,2026-08-15 19:11:22.103,3,213,16,256,256,8,1281.08
2026-08-15 19:11:22.164,2026-08-15 19:11:23.397,3,214,32,2048,384,8,1233.32
2026-08-15 19:11:23.459,2026-08-15 19:11:24.720,3,215,32,1024,198,8,1261.08
2026-08-15 19:11:24.782,2026-08-15 19:11:26.106,3,216,16,256,198,8,1323.39
2026-08-15 19:11:26.167,2026-08-15 19:11:27.503,3,217,32,512,128,8,1336.06
2026-08-15 19:11:27.565,2026-08-15 19:11:29.115,3,218,16,128,128,8,1549.74
2026-08-15 19:11:29.164,2026-08-15 19:11:30.458,3,219,64,512,256,8,1294.33
2026-08-15 19:11:30.521,2026-08-15 19:11:31.892,3,220,32,128,256,8,1371.56
2026-08-15 19:11:31.955,2026-08-15 19:11:33.219,3,221,32,2048,256,8,1264.06
2026-08-15 19:11:33.282,2026-08-15 19:11:34.583,3,222,64,512,198,8,1301.2
2026-08-15 19:11:34.645,2026-08-15 19:11:36.045,3,223,16,128,198,8,1400.14
2026-08-15 19:11:36.100,2026-08-15 19:11:37.451,3,224,64,128,384,8,1350.78
2026-08-15 19:11:37.514,2026-08-15 19:11:38.808,3,225,32,1024,256,8,1294.19
2026-08-15 19:11:38.870,2026-08-15 19:11:40.224,3,226,64,128,198,8,1354.02
2026-08-15 19:11:40.284,2026-08-15 19:11:41.624,3,227,64,512,128,8,1339.91
2026-08-15 19:11:41.685,2026-08-15 19:11:43.068,3,228,32,128,384,8,1382.73
2026-08-15 19:11:43.131,2026-08-15 19:11:44.441,3,229,32,512,256,8,1309.74
2026-08-15 19:11:44.502,2026-08-15 19:11:45.813,3,230,64,1024,128,8,1310.83
2026-08-15 19:11:45.876,2026-08-15 19:11:47.219,3,231,64,256,198,8,1343.29
2026-08-15 19:11:47.282,2026-08-15 19:11:48.551,3,232,16,2048,198,8,1269.64
2026-08-15 19:11:48.614,2026-08-15 19:11:49.870,3,233,64,512,384,8,1256.61
2026-08-15 19:11:49.933,2026-08-15 19:11:51.305,3,234,16,256,128,8,1372.27
2026-08-15 19:11:51.360,2026-08-15 19:11:52.625,3,235,16,2048,128,8,1265.04
2026-08-15 19:11:52.688,2026-08-15 19:11:53.976,3,236,16,512,256,8,1287.8
2026-08-15 19:11:54.038,2026-08-15 19:11:55.303,3,237,64,1024,198,8,1265.7
2026-08-15 19:11:55.365,2026-08-15 19:11:56.585,3,238,16,1024,384,8,1220.46
2026-08-15 19:11:56.648,2026-08-15 19:11:57.901,3,239,64,2048,198,8,1253.29
2026-08-15 19:11:57.963,2026-08-15 19:11:59.290,3,240,64,128,256,8,1326.86
2026-08-15 19:11:59.347,2026-08-15 19:12:00.688,4,241,32,256,198,8,1341.1
2026-08-15 19:12:00.751,2026-08-15 19:12:02.019,4,242,16,1024,256,8,1268.19
2026-08-15 19:12:02.085,2026-08-15 19:12:03.330,4,243,32,1024,256,8,1244.76
2026-08-15 19:12:03.392,2026-08-15 19:12:04.737,4,244,32,128,256,8,1345.14
2026-08-15 19:12:04.799,2026-08-15 19:12:06.066,4,245,16,2048,198,8,1266.68
2026-08-15 19:12:06.128,2026-08-15 19:12:07.425,4,246,16,1024,128,8,1296.92
2026-08-15 19:12:07.488,2026-08-15 19:12:08.728,4,247,32,1024,384,8,1240.72
2026-08-15 19:12:08.791,2026-08-15 19:12:10.020,4,248,32,2048,384,8,1229.44
2026-08-15 19:12:10.082,2026-08-15 19:12:11.337,4,249,16,2048,128,8,1255.45
2026-08-15 19:12:11.400,2026-08-15 19:12:12.734,4,250,32,128,384,8,1334.4
2026-08-15 19:12:12.796,2026-08-15 19:12:14.071,4,251,64,512,256,8,1274.88
2026-08-15 19:12:14.134,2026-08-15 19:12:15.400,4,252,64,512,384,8,1266.14
2026-08-15 19:12:15.462,2026-08-15 19:12:16.740,4,253,32,2048,128,8,1277.62
2026-08-15 19:12:16.803,2026-08-15 19:12:18.134,4,254,16,512,128,8,1330.94
2026-08-15 19:12:18.193,2026-08-15 19:12:19.528,4,255,32,512,128,8,1335.92
2026-08-15 19:12:19.588,2026-08-15 19:12:20.935,4,256,64,128,256,8,1346.71
2026-08-15 19:12:21.001,2026-08-15 19:12:22.256,4,257,16,2048,256,8,1254.89
2026-08-15 19:12:22.319,2026-08-15 19:12:23.680,4,258,32,128,198,8,1361.08
2026-08-15 19:12:23.737,2026-08-15 19:12:25.003,4,259,64,2048,198,8,1265.72
2026-08-15 19:12:25.066,2026-08-15 19:12:26.422,4,260,64,256,128,8,1356.11
2026-08-15 19:12:26.481,2026-08-15 19:12:27.787,4,261,64,2048,128,8,1306.36
2026-08-15 19:12:27.850,2026-08-15 19:12:29.393,4,262,16,128,128,8,1543.49
2026-08-15 19:12:29.443,2026-08-15 19:12:30.712,4,263,16,512,384,8,1268.58
2026-08-15 19:12:30.774,2026-08-15 19:12:32.060,4,264,16,512,256,8,1286.07
2026-08-15 19:12:32.121,2026-08-15 19:12:33.439,4,265,64,512,128,8,1317.73
2026-08-15 19:12:33.499,2026-08-15 19:12:34.852,4,266,32,256,128,8,1352.26
2026-08-15 19:12:34.913,2026-08-15 19:12:36.206,4,267,32,256,384,8,1293.08
2026-08-15 19:12:36.269,2026-08-15 19:12:37.516,4,268,64,1024,384,8,1247.08
2026-08-15 19:12:37.578,2026-08-15 19:12:38.872,4,269,64,1024,128,8,1294.51
2026-08-15 19:12:38.935,2026-08-15 19:12:40.200,4,270,16,1024,198,8,1264.85
2026-08-15 19:12:40.263,2026-08-15 19:12:41.543,4,271,32,512,198,8,1280.61
2026-08-15 19:12:41.605,2026-08-15 19:12:42.988,4,272,16,256,128,8,1383.04
2026-08-15 19:12:43.043,2026-08-15 19:12:44.406,4,273,16,128,256,8,1362.84
2026-08-15 19:12:44.469,2026-08-15 19:12:45.826,4,274,64,128,198,8,1357.35
2026-08-15 19:12:45.885,2026-08-15 19:12:47.188,4,275,32,1024,198,8,1303.32
2026-08-15 19:12:47.251,2026-08-15 19:12:48.528,4,276,64,1024,256,8,1277.98
2026-08-15 19:12:48.591,2026-08-15 19:12:49.906,4,277,32,256,256,8,1315.51
2026-08-15 19:12:49.969,2026-08-15 19:12:51.291,4,278,16,256,256,8,1322.54
2026-08-15 19:12:51.354,2026-08-15 19:12:52.607,4,279,64,2048,256,8,1252.75
2026-08-15 19:12:52.669,2026-08-15 19:12:53.979,4,280,64,256,256,8,1310.23
2026-08-15 19:12:54.039,2026-08-15 19:12:55.334,4,281,16,256,384,8,1294.78
2026-08-15 19:12:55.397,2026-08-15 19:12:56.656,4,282,64,1024,198,8,1259.14
2026-08-15 19:12:56.718,2026-08-15 19:12:57.996,4,283,32,512,256,8,1277.28
2026-08-15 19:12:58.056,2026-08-15 19:12:59.297,4,284,64,2048,384,8,1240.76
2026-08-15 19:12:59.360,2026-08-15 19:13:00.606,4,285,32,2048,256,8,1245.66
2026-08-15 19:13:00.668,2026-08-15 19:13:02.069,4,286,32,128,128,8,1400.93
2026-08-15 19:13:02.118,2026-08-15 19:13:03.345,4,287,16,1024,384,8,1226.61
2026-08-15 19:13:03.407,2026-08-15 19:13:04.780,4,288,64,128,128,8,1372.47
2026-08-15 19:13:04.828,2026-08-15 19:13:06.127,4,289,64,256,384,8,1298.98
2026-08-15 19:13:06.189,2026-08-15 19:13:07.520,4,290,64,256,198,8,1331.31
2026-08-15 19:13:07.583,2026-08-15 19:13:08.949,4,291,16,128,384,8,1366.03
2026-08-15 19:13:09.011,2026-08-15 19:13:10.391,4,292,64,128,384,8,1379.9
2026-08-15 19:13:10.453,2026-08-15 19:13:11.764,4,293,64,512,198,8,1311.06
2026-08-15 19:13:11.827,2026-08-15 19:13:13.120,4,294,32,512,384,8,1293.83
2026-08-15 19:13:13.183,2026-08-15 19:13:14.416,4,295,16,2048,384,8,1233.42
2026-08-15 19:13:14.478,2026-08-15 19:13:15.870,4,296,16,128,198,8,1391.59
2026-08-15 19:13:15.925,2026-08-15 19:13:17.236,4,297,32,1024,128,8,1311.03
2026-08-15 19:13:17.299,2026-08-15 19:13:18.606,4,298,16,512,198,8,1306.54
2026-08-15 19:13:18.668,2026-08-15 19:13:20.019,4,299,16,256,198,8,1350.82
2026-08-15 19:13:20.080,2026-08-15 19:13:21.354,4,300,32,2048,198,8,1274.03
2026-08-15 19:13:21.419,2026-08-15 19:13:22.684,5,301,64,2048,198,8,1265.04
2026-08-15 19:13:22.747,2026-08-15 19:13:24.034,5,302,16,512,256,8,1287.35
2026-08-15 19:13:24.095,2026-08-15 19:13:25.381,5,303,32,2048,128,8,1285.2
2026-08-15 19:13:25.443,2026-08-15 19:13:26.760,5,304,64,256,198,8,1317.38
2026-08-15 19:13:26.822,2026-08-15 19:13:28.136,5,305,64,1024,128,8,1313.79
2026-08-15 19:13:28.198,2026-08-15 19:13:29.453,5,306,16,2048,198,8,1254.95
2026-08-15 19:13:29.516,2026-08-15 19:13:30.784,5,307,64,1024,256,8,1268.12
2026-08-15 19:13:30.846,2026-08-15 19:13:32.133,5,308,64,512,198,8,1286.08
2026-08-15 19:13:32.195,2026-08-15 19:13:33.444,5,309,32,1024,198,8,1248.88
2026-08-15 19:13:33.506,2026-08-15 19:13:34.763,5,310,32,1024,256,8,1256.69
2026-08-15 19:13:34.826,2026-08-15 19:13:36.159,5,311,64,128,256,8,1333.77
2026-08-15 19:13:36.218,2026-08-15 19:13:37.455,5,312,16,1024,384,8,1237.38
2026-08-15 19:13:37.518,2026-08-15 19:13:38.848,5,313,32,256,198,8,1330.26
2026-08-15 19:13:38.909,2026-08-15 19:13:40.303,5,314,16,128,198,8,1394.01
2026-08-15 19:13:40.361,2026-08-15 19:13:41.643,5,315,32,2048,198,8,1282.32
2026-08-15 19:13:41.709,2026-08-15 19:13:43.019,5,316,64,2048,128,8,1309.98
2026-08-15 19:13:43.081,2026-08-15 19:13:44.334,5,317,16,1024,256,8,1252.8
2026-08-15 19:13:44.397,2026-08-15 19:13:45.720,5,318,16,256,256,8,1323.58
2026-08-15 19:13:45.781,2026-08-15 19:13:47.024,5,319,64,2048,384,8,1243.23
2026-08-15 19:13:47.087,2026-08-15 19:13:48.446,5,320,16,128,256,8,1359.05
2026-08-15 19:13:48.508,2026-08-15 19:13:49.805,5,321,64,256,384,8,1297.73
2026-08-15 19:13:49.868,2026-08-15 19:13:51.235,5,322,32,128,256,8,1367.37
2026-08-15 19:13:51.297,2026-08-15 19:13:52.552,5,323,64,1024,384,8,1255.02
2026-08-15 19:13:52.615,2026-08-15 19:13:53.966,5,324,32,256,128,8,1351.23
2026-08-15 19:13:54.027,2026-08-15 19:13:55.408,5,325,64,128,128,8,1380.87
2026-08-15 19:13:55.457,2026-08-15 19:13:56.735,5,326,32,512,384,8,1277.69
2026-08-15 19:13:56.796,2026-08-15 19:13:58.067,5,327,64,2048,256,8,1270.88
2026-08-15 19:13:58.129,2026-08-15 19:13:59.366,5,328,32,2048,384,8,1236.54
2026-08-15 19:13:59.428,2026-08-15 19:14:00.765,5,329,64,128,384,8,1336.94
2026-08-15 19:14:00.831,2026-08-15 19:14:02.091,5,330,16,2048,256,8,1259.99
2026-08-15 19:14:02.153,2026-08-15 19:14:03.447,5,331,32,256,256,8,1293.63
2026-08-15 19:14:03.509,2026-08-15 19:14:04.809,5,332,16,1024,128,8,1300.22
2026-08-15 19:14:04.872,2026-08-15 19:14:06.425,5,333,16,128,128,8,1553.18
2026-08-15 19:14:06.473,2026-08-15 19:14:07.771,5,334,32,1024,128,8,1298.64
2026-08-15 19:14:07.834,2026-08-15 19:14:09.241,5,335,16,256,128,8,1407.43
2026-08-15 19:14:09.302,2026-08-15 19:14:10.560,5,336,16,2048,384,8,1258.2
2026-08-15 19:14:10.622,2026-08-15 19:14:11.878,5,337,64,512,384,8,1255.64
2026-08-15 19:14:11.939,2026-08-15 19:14:13.223,5,338,64,512,256,8,1284.26
2026-08-15 19:14:13.285,2026-08-15 19:14:14.560,5,339,16,512,198,8,1275.53
2026-08-15 19:14:14.622,2026-08-15 19:14:15.901,5,340,32,512,256,8,1278.78
2026-08-15 19:14:15.963,2026-08-15 19:14:17.246,5,341,16,256,384,8,1283.1
2026-08-15 19:14:17.309,2026-08-15 19:14:18.584,5,342,32,256,384,8,1275.64
2026-08-15 19:14:18.646,2026-08-15 19:14:19.968,5,343,64,256,256,8,1321.22
2026-08-15 19:14:20.030,2026-08-15 19:14:21.384,5,344,32,128,384,8,1353.84
2026-08-15 19:14:21.449,2026-08-15 19:14:22.750,5,345,16,2048,128,8,1301.78
2026-08-15 19:14:22.813,2026-08-15 19:14:24.101,5,346,16,1024,198,8,1288.18
2026-08-15 19:14:24.164,2026-08-15 19:14:25.402,5,347,32,1024,384,8,1237.63
2026-08-15 19:14:25.464,2026-08-15 19:14:26.822,5,348,32,128,198,8,1357.44
2026-08-15 19:14:26.880,2026-08-15 19:14:28.225,5,349,32,512,128,8,1344.51
2026-08-15 19:14:28.286,2026-08-15 19:14:29.642,5,350,16,256,198,8,1356.68
2026-08-15 19:14:29.704,2026-08-15 19:14:31.082,5,351,16,128,384,8,1377.94
2026-08-15 19:14:31.144,2026-08-15 19:14:32.511,5,352,64,512,128,8,1366.83
2026-08-15 19:14:32.574,2026-08-15 19:14:33.847,5,353,32,2048,256,8,1273.16
2026-08-15 19:14:33.909,2026-08-15 19:14:35.178,5,354,16,512,384,8,1268.83
2026-08-15 19:14:35.241,2026-08-15 19:14:36.642,5,355,32,128,128,8,1401.77
2026-08-15 19:14:36.691,2026-08-15 19:14:38.032,5,356,64,128,198,8,1340.47
2026-08-15 19:14:38.089,2026-08-15 19:14:39.474,5,357,16,512,128,8,1385.26
2026-08-15 19:14:39.533,2026-08-15 19:14:40.867,5,358,32,512,198,8,1333.87
2026-08-15 19:14:40.933,2026-08-15 19:14:42.218,5,359,64,1024,198,8,1285.1
2026-08-15 19:14:42.280,2026-08-15 19:14:43.652,5,360,64,256,128,8,1371.33
2026-08-15 19:14:43.710,2026-08-15 19:14:45.088,6,361,16,256,198,8,1377.87
2026-08-15 19:14:45.150,2026-08-15 19:14:46.421,6,362,32,2048,198,8,1270.47
2026-08-15 19:14:46.483,2026-08-15 19:14:47.806,6,363,32,1024,128,8,1323.15
2026-08-15 19:14:47.869,2026-08-15 19:14:49.151,6,364,16,1024,198,8,1281.82
2026-08-15 19:14:49.213,2026-08-15 19:14:50.491,6,365,32,512,256,8,1277.55
2026-08-15 19:14:50.553,2026-08-15 19:14:51.811,6,366,64,1024,256,8,1257.41
2026-08-15 19:14:51.873,2026-08-15 19:14:53.210,6,367,32,128,198,8,1336.46
2026-08-15 19:14:53.266,2026-08-15 19:14:54.551,6,368,64,2048,198,8,1285.36
2026-08-15 19:14:54.614,2026-08-15 19:14:55.883,6,369,32,1024,256,8,1269.33
2026-08-15 19:14:55.945,2026-08-15 19:14:57.178,6,370,32,2048,384,8,1233.25
2026-08-15 19:14:57.241,2026-08-15 19:14:58.535,6,371,32,512,198,8,1294.41
2026-08-15 19:14:58.597,2026-08-15 19:14:59.867,6,372,16,2048,128,8,1270.23
2026-08-15 19:14:59.930,2026-08-15 19:15:01.351,6,373,64,128,256,8,1421.11
2026-08-15 19:15:01.414,2026-08-15 19:15:02.732,6,374,64,256,384,8,1317.56
2026-08-15 19:15:02.795,2026-08-15 19:15:04.141,6,375,64,256,198,8,1346.09
2026-08-15 19:15:04.203,2026-08-15 19:15:05.593,6,376,16,128,384,8,1389.88
2026-08-15 19:15:05.655,2026-08-15 19:15:07.230,6,377,16,128,128,8,1574.49
2026-08-15 19:15:07.279,2026-08-15 19:15:08.562,6,378,32,2048,256,8,1283.73
2026-08-15 19:15:08.625,2026-08-15 19:15:10.001,6,379,32,128,256,8,1376.08
2026-08-15 19:15:10.063,2026-08-15 19:15:11.447,6,380,16,512,128,8,1384.25
2026-08-15 19:15:11.508,2026-08-15 19:15:12.832,6,381,16,1024,128,8,1324.28
2026-08-15 19:15:12.895,2026-08-15 19:15:14.213,6,382,16,512,256,8,1317.96
2026-08-15 19:15:14.275,2026-08-15 19:15:15.551,6,383,64,2048,256,8,1276.4
2026-08-15 19:15:15.614,2026-08-15 19:15:16.855,6,384,16,2048,256,8,1241.87
2026-08-15 19:15:16.918,2026-08-15 19:15:18.203,6,385,32,256,384,8,1284.88
2026-08-15 19:15:18.266,2026-08-15 19:15:19.568,6,386,64,512,198,8,1302.99
2026-08-15 19:15:19.631,2026-08-15 19:15:20.924,6,387,16,512,198,8,1292.64
2026-08-15 19:15:20.986,2026-08-15 19:15:22.279,6,388,16,1024,256,8,1293.19
2026-08-15 19:15:22.342,2026-08-15 19:15:23.792,6,389,16,128,198,8,1450.02
2026-08-15 19:15:23.848,2026-08-15 19:15:25.190,6,390,64,256,128,8,1341.86
2026-08-15 19:15:25.250,2026-08-15 19:15:26.598,6,391,64,2048,384,8,1347.16
2026-08-15 19:15:26.660,2026-08-15 19:15:27.925,6,392,32,512,384,8,1265.16
2026-08-15 19:15:27.988,2026-08-15 19:15:29.378,6,393,64,128,128,8,1389.88
2026-08-15 19:15:29.427,2026-08-15 19:15:30.820,6,394,16,256,128,8,1393.12
2026-08-15 19:15:30.881,2026-08-15 19:15:32.185,6,395,32,2048,128,8,1304.36
2026-08-15 19:15:32.248,2026-08-15 19:15:33.633,6,396,64,128,384,8,1385.33
2026-08-15 19:15:33.696,2026-08-15 19:15:35.026,6,397,64,2048,128,8,1330.18
2026-08-15 19:15:35.088,2026-08-15 19:15:36.461,6,398,32,128,384,8,1372.43
2026-08-15 19:15:36.523,2026-08-15 19:15:37.832,6,399,32,1024,198,8,1308.38
2026-08-15 19:15:37.894,2026-08-15 19:15:39.294,6,400,16,128,256,8,1399.52
2026-08-15 19:15:39.356,2026-08-15 19:15:40.674,6,401,16,256,384,8,1317.92
2026-08-15 19:15:40.738,2026-08-15 19:15:42.113,6,402,32,256,128,8,1375.35
2026-08-15 19:15:42.174,2026-08-15 19:15:43.554,6,403,32,512,128,8,1380.05
2026-08-15 19:15:43.615,2026-08-15 19:15:44.951,6,404,16,256,256,8,1335.83
2026-08-15 19:15:45.014,2026-08-15 19:15:46.312,6,405,16,512,384,8,1298.21
2026-08-15 19:15:46.375,2026-08-15 19:15:47.637,6,406,64,1024,384,8,1262.34
2026-08-15 19:15:47.699,2026-08-15 19:15:49.021,6,407,64,512,128,8,1321.24
2026-08-15 19:15:49.081,2026-08-15 19:15:50.432,6,408,32,256,198,8,1351.25
2026-08-15 19:15:50.493,2026-08-15 19:15:51.824,6,409,32,256,256,8,1331.25
2026-08-15 19:15:51.887,2026-08-15 19:15:53.208,6,410,64,256,256,8,1320.97
2026-08-15 19:15:53.270,2026-08-15 19:15:54.608,6,411,64,1024,128,8,1337.83
2026-08-15 19:15:54.671,2026-08-15 19:15:55.926,6,412,32,1024,384,8,1255.3
2026-08-15 19:15:55.989,2026-08-15 19:15:57.240,6,413,16,1024,384,8,1251.32
2026-08-15 19:15:57.302,2026-08-15 19:15:58.712,6,414,32,128,128,8,1409.45
2026-08-15 19:15:58.760,2026-08-15 19:16:00.028,6,415,64,1024,198,8,1268.44
2026-08-15 19:16:00.091,2026-08-15 19:16:01.381,6,416,16,2048,198,8,1289.42
2026-08-15 19:16:01.443,2026-08-15 19:16:02.730,6,417,64,512,256,8,1286.62
2026-08-15 19:16:02.791,2026-08-15 19:16:04.120,6,418,64,128,198,8,1328.89
2026-08-15 19:16:04.178,2026-08-15 19:16:05.449,6,419,16,2048,384,8,1271.17
2026-08-15 19:16:05.511,2026-08-15 19:16:06.775,6,420,64,512,384,8,1263.49
2026-08-15 19:16:06.838,2026-08-15 19:16:08.158,7,421,32,256,256,8,1320.04
2026-08-15 19:16:08.221,2026-08-15 19:16:09.500,7,422,64,512,384,8,1278.91
2026-08-15 19:16:09.562,2026-08-15 19:16:10.882,7,423,64,256,198,8,1320.13
2026-08-15 19:16:10.945,2026-08-15 19:16:12.212,7,424,32,2048,256,8,1267.04
2026-08-15 19:16:12.274,2026-08-15 19:16:13.580,7,425,32,1024,128,8,1305.8
2026-08-15 19:16:13.643,2026-08-15 19:16:15.187,7,426,16,128,128,8,1544.66
2026-08-15 19:16:15.235,2026-08-15 19:16:16.506,7,427,64,1024,256,8,1271.45
2026-08-15 19:16:16.569,2026-08-15 19:16:17.862,7,428,64,1024,198,8,1293.55
2026-08-15 19:16:17.925,2026-08-15 19:16:19.173,7,429,16,2048,384,8,1247.45
2026-08-15 19:16:19.235,2026-08-15 19:16:20.472,7,430,32,2048,384,8,1236.54
2026-08-15 19:16:20.534,2026-08-15 19:16:21.788,7,431,32,512,256,8,1254.54
2026-08-15 19:16:21.851,2026-08-15 19:16:23.131,7,432,32,2048,128,8,1279.97
2026-08-15 19:16:23.194,2026-08-15 19:16:24.592,7,433,16,128,198,8,1398.6
2026-08-15 19:16:24.650,2026-08-15 19:16:25.969,7,434,16,1024,128,8,1318.82
2026-08-15 19:16:26.031,2026-08-15 19:16:27.425,7,435,64,128,128,8,1394.46
2026-08-15 19:16:27.478,2026-08-15 19:16:28.754,7,436,16,1024,384,8,1275.64
2026-08-15 19:16:28.817,2026-08-15 19:16:30.088,7,437,16,1024,198,8,1271.08
2026-08-15 19:16:30.150,2026-08-15 19:16:31.504,7,438,16,256,198,8,1353.34
2026-08-15 19:16:31.563,2026-08-15 19:16:32.867,7,439,16,256,384,8,1304.39
2026-08-15 19:16:32.929,2026-08-15 19:16:34.262,7,440,64,256,128,8,1332.44
2026-08-15 19:16:34.322,2026-08-15 19:16:35.577,7,441,64,1024,384,8,1254.92
2026-08-15 19:16:35.639,2026-08-15 19:16:36.933,7,442,64,2048,128,8,1293.67
2026-08-15 19:16:36.996,2026-08-15 19:16:38.327,7,443,32,512,128,8,1331.63
2026-08-15 19:16:38.390,2026-08-15 19:16:39.681,7,444,16,512,256,8,1291
2026-08-15 19:16:39.743,2026-08-15 19:16:41.145,7,445,32,128,128,8,1401.84
2026-08-15 19:16:41.194,2026-08-15 19:16:42.541,7,446,64,512,128,8,1347.03
2026-08-15 19:16:42.602,2026-08-15 19:16:43.934,7,447,64,256,384,8,1332.15
2026-08-15 19:16:43.996,2026-08-15 19:16:45.266,7,448,32,512,384,8,1270.17
2026-08-15 19:16:45.329,2026-08-15 19:16:46.594,7,449,64,2048,256,8,1265.09
2026-08-15 19:16:46.656,2026-08-15 19:16:47.950,7,450,64,1024,128,8,1294.36
2026-08-15 19:16:48.013,2026-08-15 19:16:49.245,7,451,32,1024,384,8,1231.32
2026-08-15 19:16:49.307,2026-08-15 19:16:50.553,7,452,16,2048,256,8,1246.38
2026-08-15 19:16:50.615,2026-08-15 19:16:51.842,7,453,32,1024,256,8,1226.36
2026-08-15 19:16:51.904,2026-08-15 19:16:53.230,7,454,64,128,384,8,1325.89
2026-08-15 19:16:53.293,2026-08-15 19:16:54.591,7,455,32,512,198,8,1297.95
2026-08-15 19:16:54.653,2026-08-15 19:16:55.982,7,456,64,128,256,8,1328.71
2026-08-15 19:16:56.044,2026-08-15 19:16:57.421,7,457,32,256,128,8,1376.28
2026-08-15 19:16:57.481,2026-08-15 19:16:58.815,7,458,64,256,256,8,1333.68
2026-08-15 19:16:58.878,2026-08-15 19:17:00.226,7,459,32,256,198,8,1348.72
2026-08-15 19:17:00.288,2026-08-15 19:17:01.606,7,460,64,512,256,8,1317.68
2026-08-15 19:17:01.668,2026-08-15 19:17:03.006,7,461,64,128,198,8,1338.03
2026-08-15 19:17:03.064,2026-08-15 19:17:04.442,7,462,16,512,128,8,1377.4
2026-08-15 19:17:04.501,2026-08-15 19:17:05.904,7,463,16,128,256,8,1403.36
2026-08-15 19:17:05.966,2026-08-15 19:17:07.253,7,464,16,2048,198,8,1286.54
2026-08-15 19:17:07.316,2026-08-15 19:17:08.692,7,465,32,128,384,8,1376.55
2026-08-15 19:17:08.755,2026-08-15 19:17:10.040,7,466,16,1024,256,8,1285.27
2026-08-15 19:17:10.103,2026-08-15 19:17:11.361,7,467,16,512,384,8,1258.73
2026-08-15 19:17:11.423,2026-08-15 19:17:12.776,7,468,32,128,256,8,1352.87
2026-08-15 19:17:12.838,2026-08-15 19:17:14.145,7,469,32,256,384,8,1307.55
2026-08-15 19:17:14.208,2026-08-15 19:17:15.472,7,470,64,2048,198,8,1263.93
2026-08-15 19:17:15.534,2026-08-15 19:17:16.814,7,471,32,1024,198,8,1279.26
2026-08-15 19:17:16.875,2026-08-15 19:17:18.159,7,472,64,512,198,8,1284.15
2026-08-15 19:17:18.222,2026-08-15 19:17:19.487,7,473,32,2048,198,8,1265.41
2026-08-15 19:17:19.550,2026-08-15 19:17:20.899,7,474,16,128,384,8,1349.35
2026-08-15 19:17:20.964,2026-08-15 19:17:22.258,7,475,16,512,198,8,1294.05
2026-08-15 19:17:22.321,2026-08-15 19:17:23.577,7,476,64,2048,384,8,1256.25
2026-08-15 19:17:23.639,2026-08-15 19:17:24.925,7,477,16,2048,128,8,1286.16
2026-08-15 19:17:24.988,2026-08-15 19:17:26.306,7,478,16,256,256,8,1318.28
2026-08-15 19:17:26.367,2026-08-15 19:17:27.721,7,479,32,128,198,8,1354.1
2026-08-15 19:17:27.780,2026-08-15 19:17:29.178,7,480,16,256,128,8,1398.87
2026-08-15 19:17:29.238,2026-08-15 19:17:30.550,8,481,16,256,384,8,1311.48
2026-08-15 19:17:30.612,2026-08-15 19:17:31.913,8,482,16,512,256,8,1301.04
2026-08-15 19:17:31.974,2026-08-15 19:17:33.257,8,483,32,1024,198,8,1282.13
2026-08-15 19:17:33.320,2026-08-15 19:17:34.603,8,484,64,2048,128,8,1283.13
2026-08-15 19:17:34.666,2026-08-15 19:17:35.926,8,485,32,2048,256,8,1260.07
2026-08-15 19:17:35.988,2026-08-15 19:17:37.243,8,486,64,512,384,8,1255.32
2026-08-15 19:17:37.306,2026-08-15 19:17:38.583,8,487,32,512,198,8,1276.98
2026-08-15 19:17:38.645,2026-08-15 19:17:39.875,8,488,32,1024,384,8,1229.46
2026-08-15 19:17:39.937,2026-08-15 19:17:41.254,8,489,64,128,198,8,1316.35
2026-08-15 19:17:41.312,2026-08-15 19:17:42.571,8,490,64,1024,256,8,1258.26
2026-08-15 19:17:42.633,2026-08-15 19:17:44.035,8,491,16,128,198,8,1401.83
2026-08-15 19:17:44.093,2026-08-15 19:17:45.438,8,492,64,256,198,8,1345.7
2026-08-15 19:17:45.501,2026-08-15 19:17:46.824,8,493,64,256,384,8,1323.15
2026-08-15 19:17:46.887,2026-08-15 19:17:48.202,8,494,32,256,256,8,1315.57
2026-08-15 19:17:48.263,2026-08-15 19:17:49.543,8,495,64,2048,198,8,1280.2
2026-08-15 19:17:49.606,2026-08-15 19:17:50.965,8,496,32,256,128,8,1358.73
2026-08-15 19:17:51.024,2026-08-15 19:17:52.304,8,497,16,2048,128,8,1279.94
2026-08-15 19:17:52.366,2026-08-15 19:17:53.651,8,498,16,1024,198,8,1284.84
2026-08-15 19:17:53.713,2026-08-15 19:17:55.058,8,499,64,128,256,8,1344.91
2026-08-15 19:17:55.120,2026-08-15 19:17:56.438,8,500,16,256,256,8,1318.56
2026-08-15 19:17:56.499,2026-08-15 19:17:57.835,8,501,64,256,256,8,1335.69
2026-08-15 19:17:57.897,2026-08-15 19:17:59.175,8,502,16,2048,198,8,1278.04
2026-08-15 19:17:59.237,2026-08-15 19:18:00.615,8,503,64,128,128,8,1378.35
2026-08-15 19:18:00.664,2026-08-15 19:18:02.029,8,504,16,512,128,8,1365.52
2026-08-15 19:18:02.089,2026-08-15 19:18:03.451,8,505,64,128,384,8,1361.98
2026-08-15 19:18:03.513,2026-08-15 19:18:04.797,8,506,32,512,384,8,1284.04
2026-08-15 19:18:04.859,2026-08-15 19:18:06.111,8,507,16,1024,384,8,1252.58
2026-08-15 19:18:06.174,2026-08-15 19:18:07.572,8,508,32,128,128,8,1398.66
2026-08-15 19:18:07.621,2026-08-15 19:18:08.921,8,509,64,1024,128,8,1299.41
2026-08-15 19:18:08.983,2026-08-15 19:18:10.350,8,510,32,128,198,8,1367.07
2026-08-15 19:18:10.407,2026-08-15 19:18:11.728,8,511,32,1024,128,8,1320.78
2026-08-15 19:18:11.791,2026-08-15 19:18:13.171,8,512,16,128,384,8,1380.23
2026-08-15 19:18:13.233,2026-08-15 19:18:14.600,8,513,32,512,128,8,1366.65
2026-08-15 19:18:14.661,2026-08-15 19:18:15.938,8,514,16,512,384,8,1277.23
2026-08-15 19:18:16.001,2026-08-15 19:18:17.279,8,515,64,1024,198,8,1277.55
2026-08-15 19:18:17.341,2026-08-15 19:18:18.682,8,516,64,512,128,8,1340.82
2026-08-15 19:18:18.744,2026-08-15 19:18:20.021,8,517,32,2048,128,8,1276.67
2026-08-15 19:18:20.083,2026-08-15 19:18:21.469,8,518,16,256,128,8,1386.22
2026-08-15 19:18:21.526,2026-08-15 19:18:22.884,8,519,16,256,198,8,1357.84
2026-08-15 19:18:22.947,2026-08-15 19:18:24.241,8,520,64,512,198,8,1294.09
2026-08-15 19:18:24.303,2026-08-15 19:18:25.580,8,521,16,1024,256,8,1276.99
2026-08-15 19:18:25.642,2026-08-15 19:18:26.941,8,522,16,1024,128,8,1298.2
2026-08-15 19:18:27.004,2026-08-15 19:18:28.342,8,523,64,256,128,8,1337.95
2026-08-15 19:18:28.400,2026-08-15 19:18:29.943,8,524,16,128,128,8,1543.39
2026-08-15 19:18:29.990,2026-08-15 19:18:31.247,8,525,64,1024,384,8,1256.97
2026-08-15 19:18:31.309,2026-08-15 19:18:32.571,8,526,32,1024,256,8,1261.39
2026-08-15 19:18:32.633,2026-08-15 19:18:33.870,8,527,16,2048,384,8,1237.05
2026-08-15 19:18:33.933,2026-08-15 19:18:35.155,8,528,16,2048,256,8,1221.53
2026-08-15 19:18:35.217,2026-08-15 19:18:36.446,8,529,64,2048,384,8,1228.7
2026-08-15 19:18:36.508,2026-08-15 19:18:37.723,8,530,32,2048,384,8,1214.58
2026-08-15 19:18:37.785,2026-08-15 19:18:39.085,8,531,32,128,384,8,1300.7
2026-08-15 19:18:39.148,2026-08-15 19:18:40.433,8,532,32,256,384,8,1284.47
2026-08-15 19:18:40.495,2026-08-15 19:18:41.738,8,533,64,2048,256,8,1243.17
2026-08-15 19:18:41.801,2026-08-15 19:18:43.078,8,534,64,512,256,8,1276.84
2026-08-15 19:18:43.139,2026-08-15 19:18:44.484,8,535,32,128,256,8,1345.37
2026-08-15 19:18:44.547,2026-08-15 19:18:45.875,8,536,32,256,198,8,1328.32
2026-08-15 19:18:45.937,2026-08-15 19:18:47.242,8,537,32,512,256,8,1304.58
2026-08-15 19:18:47.303,2026-08-15 19:18:48.612,8,538,16,512,198,8,1309.28
2026-08-15 19:18:48.675,2026-08-15 19:18:49.925,8,539,32,2048,198,8,1250.1
2026-08-15 19:18:49.987,2026-08-15 19:18:51.368,8,540,16,128,256,8,1380.81
2026-08-15 19:18:51.430,2026-08-15 19:18:52.684,9,541,16,1024,384,8,1254.53
2026-08-15 19:18:52.747,2026-08-15 19:18:54.106,9,542,16,512,128,8,1358.73
2026-08-15 19:18:54.165,2026-08-15 19:18:55.420,9,543,32,1024,256,8,1255.19
2026-08-15 19:18:55.483,2026-08-15 19:18:56.723,9,544,16,2048,256,8,1239.61
2026-08-15 19:18:56.785,2026-08-15 19:18:58.123,9,545,32,256,128,8,1337.57
2026-08-15 19:18:58.180,2026-08-15 19:18:59.558,9,546,16,256,128,8,1378.37
2026-08-15 19:18:59.613,2026-08-15 19:19:01.010,9,547,16,128,198,8,1396.71
2026-08-15 19:19:01.068,2026-08-15 19:19:02.436,9,548,32,128,198,8,1368.3
2026-08-15 19:19:02.496,2026-08-15 19:19:04.080,9,549,16,128,128,8,1583.28
2026-08-15 19:19:04.127,2026-08-15 19:19:05.444,9,550,64,256,384,8,1316.72
2026-08-15 19:19:05.507,2026-08-15 19:19:06.787,9,551,32,2048,384,8,1280.12
2026-08-15 19:19:06.850,2026-08-15 19:19:08.210,9,552,64,128,384,8,1359.78
2026-08-15 19:19:08.272,2026-08-15 19:19:09.567,9,553,32,512,198,8,1295.45
2026-08-15 19:19:09.630,2026-08-15 19:19:10.907,9,554,16,512,384,8,1277.97
2026-08-15 19:19:10.970,2026-08-15 19:19:12.219,9,555,32,2048,256,8,1249.79
2026-08-15 19:19:12.282,2026-08-15 19:19:13.532,9,556,16,1024,198,8,1250.38
2026-08-15 19:19:13.595,2026-08-15 19:19:14.998,9,557,32,128,128,8,1403.13
2026-08-15 19:19:15.046,2026-08-15 19:19:16.296,9,558,64,512,384,8,1250.17
2026-08-15 19:19:16.359,2026-08-15 19:19:17.705,9,559,64,128,256,8,1346.11
2026-08-15 19:19:17.768,2026-08-15 19:19:19.252,9,560,64,128,198,8,1401.46
2026-08-15 19:19:19.310,2026-08-15 19:19:20.640,9,561,64,1024,128,8,1329.38
2026-08-15 19:19:20.702,2026-08-15 19:19:22.038,9,562,32,256,384,8,1335.14
2026-08-15 19:19:22.100,2026-08-15 19:19:23.385,9,563,64,2048,198,8,1285.1
2026-08-15 19:19:23.447,2026-08-15 19:19:24.789,9,564,16,256,198,8,1342.11
2026-08-15 19:19:24.851,2026-08-15 19:19:26.214,9,565,32,512,128,8,1362.73
2026-08-15 19:19:26.276,2026-08-15 19:19:27.647,9,566,16,128,384,8,1370.22
2026-08-15 19:19:27.709,2026-08-15 19:19:29.112,9,567,16,128,256,8,1402.19
2026-08-15 19:19:29.174,2026-08-15 19:19:30.550,9,568,64,256,198,8,1375.5
2026-08-15 19:19:30.611,2026-08-15 19:19:31.960,9,569,32,1024,128,8,1348.8
2026-08-15 19:19:32.023,2026-08-15 19:19:33.334,9,570,64,2048,128,8,1310.92
2026-08-15 19:19:33.397,2026-08-15 19:19:34.772,9,571,32,128,256,8,1375.11
2026-08-15 19:19:34.834,2026-08-15 19:19:36.177,9,572,32,256,256,8,1342.85
2026-08-15 19:19:36.239,2026-08-15 19:19:37.572,9,573,16,256,256,8,1333.28
2026-08-15 19:19:37.635,2026-08-15 19:19:38.910,9,574,16,2048,384,8,1274.59
2026-08-15 19:19:38.972,2026-08-15 19:19:40.213,9,575,64,1024,384,8,1241.44
2026-08-15 19:19:40.276,2026-08-15 19:19:41.538,9,576,32,2048,198,8,1261.35
2026-08-15 19:19:41.600,2026-08-15 19:19:42.888,9,577,16,1024,128,8,1288.23
2026-08-15 19:19:42.951,2026-08-15 19:19:44.317,9,578,64,128,128,8,1366.37
2026-08-15 19:19:44.366,2026-08-15 19:19:45.719,9,579,64,256,128,8,1352.83
2026-08-15 19:19:45.781,2026-08-15 19:19:47.120,9,580,64,256,256,8,1338.89
2026-08-15 19:19:47.183,2026-08-15 19:19:48.450,9,581,64,2048,384,8,1267.49
2026-08-15 19:19:48.513,2026-08-15 19:19:49.817,9,582,16,512,198,8,1304.47
2026-08-15 19:19:49.878,2026-08-15 19:19:51.209,9,583,32,256,198,8,1331.54
2026-08-15 19:19:51.272,2026-08-15 19:19:52.562,9,584,32,512,256,8,1289.69
2026-08-15 19:19:52.624,2026-08-15 19:19:53.889,9,585,32,512,384,8,1264.86
2026-08-15 19:19:53.950,2026-08-15 19:19:55.200,9,586,16,2048,198,8,1249.48
2026-08-15 19:19:55.262,2026-08-15 19:19:56.555,9,587,64,512,198,8,1292.35
2026-08-15 19:19:56.617,2026-08-15 19:19:57.890,9,588,64,512,256,8,1273.09
2026-08-15 19:19:57.953,2026-08-15 19:19:59.197,9,589,64,2048,256,8,1244.62
2026-08-15 19:19:59.260,2026-08-15 19:20:00.541,9,590,32,2048,128,8,1280.99
2026-08-15 19:20:00.603,2026-08-15 19:20:01.842,9,591,16,1024,256,8,1239.17
2026-08-15 19:20:01.908,2026-08-15 19:20:03.253,9,592,32,128,384,8,1344.73
2026-08-15 19:20:03.315,2026-08-15 19:20:04.594,9,593,64,1024,198,8,1279.69
2026-08-15 19:20:04.657,2026-08-15 19:20:05.906,9,594,64,1024,256,8,1248.89
2026-08-15 19:20:05.968,2026-08-15 19:20:07.304,9,595,64,512,128,8,1335.66
2026-08-15 19:20:07.365,2026-08-15 19:20:08.607,9,596,32,1024,384,8,1241.48
2026-08-15 19:20:08.669,2026-08-15 19:20:09.945,9,597,16,2048,128,8,1276.17
2026-08-15 19:20:10.008,2026-08-15 19:20:11.282,9,598,16,512,256,8,1273.71
2026-08-15 19:20:11.342,2026-08-15 19:20:12.611,9,599,16,256,384,8,1268.43
2026-08-15 19:20:12.673,2026-08-15 19:20:13.951,9,600,32,1024,198,8,1278.73
2026-08-15 19:20:14.014,2026-08-15 19:20:15.302,10,601,64,512,256,8,1287.9
2026-08-15 19:20:15.365,2026-08-15 19:20:16.597,10,602,64,2048,384,8,1231.98
2026-08-15 19:20:16.659,2026-08-15 19:20:17.939,10,603,32,2048,128,8,1280.37
2026-08-15 19:20:18.002,2026-08-15 19:20:19.252,10,604,64,1024,256,8,1250.62
2026-08-15 19:20:19.315,2026-08-15 19:20:20.630,10,605,32,256,198,8,1315.49
2026-08-15 19:20:20.693,2026-08-15 19:20:22.036,10,606,16,256,198,8,1342.71
2026-08-15 19:20:22.096,2026-08-15 19:20:23.474,10,607,16,128,256,8,1377.52
2026-08-15 19:20:23.537,2026-08-15 19:20:24.890,10,608,64,256,128,8,1353.39
2026-08-15 19:20:24.951,2026-08-15 19:20:26.289,10,609,32,256,256,8,1338.03
2026-08-15 19:20:26.351,2026-08-15 19:20:27.717,10,610,16,512,128,8,1366.35
2026-08-15 19:20:27.776,2026-08-15 19:20:29.096,10,611,16,1024,128,8,1320.03
2026-08-15 19:20:29.159,2026-08-15 19:20:30.448,10,612,32,2048,198,8,1289.21
2026-08-15 19:20:30.511,2026-08-15 19:20:31.762,10,613,64,2048,198,8,1251.11
2026-08-15 19:20:31.825,2026-08-15 19:20:33.159,10,614,64,512,128,8,1334.95
2026-08-15 19:20:33.221,2026-08-15 19:20:34.480,10,615,32,512,384,8,1259.47
2026-08-15 19:20:34.542,2026-08-15 19:20:35.814,10,616,64,512,198,8,1271.68
2026-08-15 19:20:35.876,2026-08-15 19:20:37.281,10,617,32,128,128,8,1405.23
2026-08-15 19:20:37.330,2026-08-15 19:20:38.569,10,618,16,2048,384,8,1239.24
2026-08-15 19:20:38.632,2026-08-15 19:20:39.882,10,619,32,2048,256,8,1249.46
2026-08-15 19:20:39.944,2026-08-15 19:20:41.327,10,620,16,256,128,8,1383.09
2026-08-15 19:20:41.383,2026-08-15 19:20:42.688,10,621,64,256,198,8,1304.17
2026-08-15 19:20:42.750,2026-08-15 19:20:44.060,10,622,64,256,384,8,1310.04
2026-08-15 19:20:44.123,2026-08-15 19:20:45.376,10,623,64,1024,384,8,1253.2
2026-08-15 19:20:45.438,2026-08-15 19:20:46.772,10,624,16,128,384,8,1334
2026-08-15 19:20:46.835,2026-08-15 19:20:48.199,10,625,32,128,256,8,1363.98
2026-08-15 19:20:48.261,2026-08-15 19:20:49.588,10,626,16,512,198,8,1327.33
2026-08-15 19:20:49.650,2026-08-15 19:20:50.934,10,627,32,1024,198,8,1283.57
2026-08-15 19:20:50.996,2026-08-15 19:20:52.248,10,628,32,2048,384,8,1251.87
2026-08-15 19:20:52.311,2026-08-15 19:20:53.568,10,629,64,512,384,8,1256.66
2026-08-15 19:20:53.628,2026-08-15 19:20:54.882,10,630,64,1024,198,8,1253.27
2026-08-15 19:20:54.944,2026-08-15 19:20:56.223,10,631,32,512,198,8,1278.98
2026-08-15 19:20:56.285,2026-08-15 19:20:57.613,10,632,32,128,198,8,1327.42
2026-08-15 19:20:57.669,2026-08-15 19:20:59.034,10,633,32,512,128,8,1365.2
2026-08-15 19:20:59.096,2026-08-15 19:21:00.366,10,634,32,1024,384,8,1269.89
2026-08-15 19:21:00.429,2026-08-15 19:21:01.731,10,635,16,256,384,8,1301.97
2026-08-15 19:21:01.794,2026-08-15 19:21:03.182,10,636,64,128,128,8,1388.29
2026-08-15 19:21:03.231,2026-08-15 19:21:04.645,10,637,16,128,198,8,1413.9
2026-08-15 19:21:04.702,2026-08-15 19:21:05.986,10,638,16,1024,256,8,1283.07
2026-08-15 19:21:06.048,2026-08-15 19:21:07.616,10,639,16,128,128,8,1567.44
2026-08-15 19:21:07.664,2026-08-15 19:21:08.996,10,640,32,1024,128,8,1331.66
2026-08-15 19:21:09.058,2026-08-15 19:21:10.330,10,641,32,1024,256,8,1272.14
2026-08-15 19:21:10.393,2026-08-15 19:21:11.652,10,642,16,1024,384,8,1259.32
2026-08-15 19:21:11.715,2026-08-15 19:21:12.992,10,643,32,512,256,8,1277
2026-08-15 19:21:13.054,2026-08-15 19:21:14.301,10,644,16,1024,198,8,1247.58
2026-08-15 19:21:14.364,2026-08-15 19:21:15.707,10,645,64,128,256,8,1343.03
2026-08-15 19:21:15.766,2026-08-15 19:21:17.111,10,646,64,128,384,8,1345.35
2026-08-15 19:21:17.174,2026-08-15 19:21:18.519,10,647,16,256,256,8,1345.31
2026-08-15 19:21:18.582,2026-08-15 19:21:19.873,10,648,16,512,384,8,1291.35
2026-08-15 19:21:19.935,2026-08-15 19:21:21.218,10,649,32,256,384,8,1283.15
2026-08-15 19:21:21.283,2026-08-15 19:21:22.634,10,650,64,128,198,8,1350.53
2026-08-15 19:21:22.690,2026-08-15 19:21:23.999,10,651,16,512,256,8,1308.55
2026-08-15 19:21:24.061,2026-08-15 19:21:25.324,10,652,16,2048,198,8,1262.9
2026-08-15 19:21:25.386,2026-08-15 19:21:26.708,10,653,64,1024,128,8,1322.25
2026-08-15 19:21:26.771,2026-08-15 19:21:28.116,10,654,32,128,384,8,1344.94
2026-08-15 19:21:28.178,2026-08-15 19:21:29.457,10,655,64,2048,256,8,1278.81
2026-08-15 19:21:29.520,2026-08-15 19:21:30.779,10,656,16,2048,256,8,1259.66
2026-08-15 19:21:30.842,2026-08-15 19:21:32.178,10,657,32,256,128,8,1335.5
2026-08-15 19:21:32.237,2026-08-15 19:21:33.532,10,658,16,2048,128,8,1295.71
2026-08-15 19:21:33.595,2026-08-15 19:21:34.889,10,659,64,2048,128,8,1293.86
2026-08-15 19:21:34.951,2026-08-15 19:21:36.263,10,660,64,256,256,8,1312.37
2026-08-15 19:21:36.325,2026-08-15 19:21:37.695,11,661,32,128,256,8,1369.79
2026-08-15 19:21:37.756,2026-08-15 19:21:39.037,11,662,32,2048,256,8,1280.5
2026-08-15 19:21:39.099,2026-08-15 19:21:40.381,11,663,32,512,256,8,1281.69
2026-08-15 19:21:40.443,2026-08-15 19:21:41.828,11,664,64,128,128,8,1385.43
2026-08-15 19:21:41.877,2026-08-15 19:21:43.229,11,665,32,256,198,8,1352.46
2026-08-15 19:21:43.292,2026-08-15 19:21:44.646,11,666,64,256,198,8,1353.47
2026-08-15 19:21:44.707,2026-08-15 19:21:46.085,11,667,64,128,384,8,1378.22
2026-08-15 19:21:46.148,2026-08-15 19:21:47.500,11,668,16,256,256,8,1352.27
2026-08-15 19:21:47.563,2026-08-15 19:21:48.826,11,669,32,2048,384,8,1263.48
2026-08-15 19:21:48.889,2026-08-15 19:21:50.252,11,670,32,256,128,8,1363.35
2026-08-15 19:21:50.310,2026-08-15 19:21:51.544,11,671,16,1024,384,8,1233.5
2026-08-15 19:21:51.606,2026-08-15 19:21:52.912,11,672,32,256,256,8,1305.63
2026-08-15 19:21:52.973,2026-08-15 19:21:54.388,11,673,32,128,128,8,1415.55
2026-08-15 19:21:54.437,2026-08-15 19:21:55.723,11,674,16,2048,128,8,1286.03
2026-08-15 19:21:55.785,2026-08-15 19:21:57.113,11,675,64,512,198,8,1327.7
2026-08-15 19:21:57.175,2026-08-15 19:21:58.449,11,676,16,2048,384,8,1274.15
2026-08-15 19:21:58.512,2026-08-15 19:21:59.799,11,677,64,2048,128,8,1287.23
2026-08-15 19:21:59.861,2026-08-15 19:22:01.294,11,678,16,128,198,8,1432.65
2026-08-15 19:22:01.350,2026-08-15 19:22:02.632,11,679,16,512,384,8,1281.31
2026-08-15 19:22:02.694,2026-08-15 19:22:04.009,11,680,16,1024,128,8,1315
2026-08-15 19:22:04.072,2026-08-15 19:22:05.455,11,681,16,128,256,8,1383.46
2026-08-15 19:22:05.518,2026-08-15 19:22:06.785,11,682,32,1024,256,8,1267.38
2026-08-15 19:22:06.848,2026-08-15 19:22:08.121,11,683,16,1024,256,8,1272.96
2026-08-15 19:22:08.183,2026-08-15 19:22:09.516,11,684,64,512,128,8,1332.27
2026-08-15 19:22:09.578,2026-08-15 19:22:10.844,11,685,64,1024,198,8,1265.99
2026-08-15 19:22:10.907,2026-08-15 19:22:12.193,11,686,32,256,384,8,1286.38
2026-08-15 19:22:12.255,2026-08-15 19:22:13.523,11,687,64,512,384,8,1267.86
2026-08-15 19:22:13.586,2026-08-15 19:22:14.921,11,688,32,128,384,8,1335.33
2026-08-15 19:22:14.983,2026-08-15 19:22:16.350,11,689,32,128,198,8,1367.67
2026-08-15 19:22:16.408,2026-08-15 19:22:17.707,11,690,32,1024,198,8,1298.91
2026-08-15 19:22:17.770,2026-08-15 19:22:19.083,11,691,32,512,198,8,1313.55
2026-08-15 19:22:19.144,2026-08-15 19:22:20.703,11,692,16,128,128,8,1558.22
2026-08-15 19:22:20.751,2026-08-15 19:22:22.115,11,693,16,512,128,8,1363.99
2026-08-15 19:22:22.175,2026-08-15 19:22:23.534,11,694,64,128,256,8,1358.59
2026-08-15 19:22:23.595,2026-08-15 19:22:25.010,11,695,16,256,128,8,1414.98
2026-08-15 19:22:25.069,2026-08-15 19:22:26.381,11,696,32,2048,198,8,1311.2
2026-08-15 19:22:26.443,2026-08-15 19:22:27.740,11,697,32,2048,128,8,1296.64
2026-08-15 19:22:27.802,2026-08-15 19:22:29.162,11,698,64,256,128,8,1359.94
2026-08-15 19:22:29.222,2026-08-15 19:22:30.488,11,699,16,2048,198,8,1265.89
2026-08-15 19:22:30.551,2026-08-15 19:22:31.802,11,700,64,1024,384,8,1250.96
2026-08-15 19:22:31.864,2026-08-15 19:22:33.128,11,701,64,2048,198,8,1264.97
2026-08-15 19:22:33.191,2026-08-15 19:22:34.502,11,702,64,128,198,8,1311.37
2026-08-15 19:22:34.561,2026-08-15 19:22:35.834,11,703,32,512,384,8,1273.13
2026-08-15 19:22:35.896,2026-08-15 19:22:37.213,11,704,64,256,256,8,1317.23
2026-08-15 19:22:37.276,2026-08-15 19:22:38.634,11,705,16,128,384,8,1358.37
2026-08-15 19:22:38.696,2026-08-15 19:22:40.009,11,706,64,256,384,8,1312.6
2026-08-15 19:22:40.071,2026-08-15 19:22:41.427,11,707,32,512,128,8,1356.17
2026-08-15 19:22:41.490,2026-08-15 19:22:42.792,11,708,16,256,384,8,1302.34
2026-08-15 19:22:42.855,2026-08-15 19:22:44.177,11,709,16,512,198,8,1321.72
2026-08-15 19:22:44.237,2026-08-15 19:22:45.541,11,710,64,1024,128,8,1304.05
2026-08-15 19:22:45.604,2026-08-15 19:22:46.887,11,711,64,1024,256,8,1283.47
2026-08-15 19:22:46.950,2026-08-15 19:22:48.203,11,712,16,2048,256,8,1252.65
2026-08-15 19:22:48.265,2026-08-15 19:22:49.489,11,713,64,2048,384,8,1223.6
2026-08-15 19:22:49.551,2026-08-15 19:22:50.889,11,714,16,256,198,8,1337.41
2026-08-15 19:22:50.948,2026-08-15 19:22:52.221,11,715,16,512,256,8,1273.12
2026-08-15 19:22:52.284,2026-08-15 19:22:53.530,11,716,64,2048,256,8,1245.62
2026-08-15 19:22:53.592,2026-08-15 19:22:54.854,11,717,16,1024,198,8,1262.2
2026-08-15 19:22:54.917,2026-08-15 19:22:56.175,11,718,64,512,256,8,1257.98
2026-08-15 19:22:56.236,2026-08-15 19:22:57.539,11,719,32,1024,128,8,1303.69
2026-08-15 19:22:57.602,2026-08-15 19:22:58.843,11,720,32,1024,384,8,1241.09
2026-08-15 19:22:58.906,2026-08-15 19:23:00.180,12,721,16,512,256,8,1274.27
2026-08-15 19:23:00.240,2026-08-15 19:23:01.577,12,722,64,512,128,8,1336.46
2026-08-15 19:23:01.638,2026-08-15 19:23:03.021,12,723,16,256,128,8,1383.21
2026-08-15 19:23:03.079,2026-08-15 19:23:04.416,12,724,64,256,128,8,1337.22
2026-08-15 19:23:04.479,2026-08-15 19:23:05.838,12,725,64,128,198,8,1358.93
2026-08-15 19:23:05.896,2026-08-15 19:23:07.231,12,726,64,1024,128,8,1335.5
2026-08-15 19:23:07.294,2026-08-15 19:23:08.670,12,727,32,128,198,8,1375.92
2026-08-15 19:23:08.729,2026-08-15 19:23:10.037,12,728,64,2048,198,8,1307.79
2026-08-15 19:23:10.099,2026-08-15 19:23:11.470,12,729,32,128,384,8,1370.11
2026-08-15 19:23:11.532,2026-08-15 19:23:12.865,12,730,16,512,198,8,1332.74
2026-08-15 19:23:12.926,2026-08-15 19:23:14.213,12,731,64,1024,256,8,1287.23
2026-08-15 19:23:14.276,2026-08-15 19:23:15.583,12,732,32,1024,128,8,1306.99
2026-08-15 19:23:15.645,2026-08-15 19:23:16.987,12,733,64,256,198,8,1341.95
2026-08-15 19:23:17.049,2026-08-15 19:23:18.417,12,734,16,128,384,8,1368.06
2026-08-15 19:23:18.479,2026-08-15 19:23:19.762,12,735,16,2048,198,8,1282.6
2026-08-15 19:23:19.824,2026-08-15 19:23:21.086,12,736,16,2048,384,8,1261.42
2026-08-15 19:23:21.152,2026-08-15 19:23:22.407,12,737,32,512,384,8,1254.21
2026-08-15 19:23:22.469,2026-08-15 19:23:23.822,12,738,16,128,256,8,1353.03
2026-08-15 19:23:23.883,2026-08-15 19:23:25.155,12,739,16,512,384,8,1272.08
2026-08-15 19:23:25.217,2026-08-15 19:23:26.571,12,740,64,128,256,8,1354.3
2026-08-15 19:23:26.634,2026-08-15 19:23:27.987,12,741,32,256,128,8,1353.16
2026-08-15 19:23:28.047,2026-08-15 19:23:29.360,12,742,64,512,256,8,1312.53
2026-08-15 19:23:29.423,2026-08-15 19:23:30.808,12,743,64,128,128,8,1385.51
2026-08-15 19:23:30.862,2026-08-15 19:23:32.267,12,744,32,128,128,8,1405.11
2026-08-15 19:23:32.325,2026-08-15 19:23:33.638,12,745,32,2048,198,8,1313.94
2026-08-15 19:23:33.701,2026-08-15 19:23:34.962,12,746,32,1024,384,8,1260.9
2026-08-15 19:23:35.025,2026-08-15 19:23:36.376,12,747,32,256,198,8,1350.81
2026-08-15 19:23:36.438,2026-08-15 19:23:37.735,12,748,64,256,384,8,1297.54
2026-08-15 19:23:37.797,2026-08-15 19:23:39.039,12,749,32,2048,384,8,1242.02
2026-08-15 19:23:39.101,2026-08-15 19:23:40.448,12,750,16,512,128,8,1347.01
2026-08-15 19:23:40.507,2026-08-15 19:23:41.807,12,751,16,1024,128,8,1299.78
2026-08-15 19:23:41.871,2026-08-15 19:23:43.166,12,752,64,2048,128,8,1295
2026-08-15 19:23:43.229,2026-08-15 19:23:44.487,12,753,16,1024,384,8,1257.78
2026-08-15 19:23:44.549,2026-08-15 19:23:45.889,12,754,64,128,384,8,1339.92
2026-08-15 19:23:45.951,2026-08-15 19:23:47.216,12,755,32,1024,256,8,1265.36
2026-08-15 19:23:47.279,2026-08-15 19:23:48.598,12,756,16,256,256,8,1319.49
2026-08-15 19:23:48.661,2026-08-15 19:23:49.900,12,757,64,2048,384,8,1238.87
2026-08-15 19:23:49.962,2026-08-15 19:23:51.221,12,758,64,2048,256,8,1259.1
2026-08-15 19:23:51.283,2026-08-15 19:23:52.561,12,759,16,256,384,8,1277.37
2026-08-15 19:23:52.622,2026-08-15 19:23:54.155,12,760,16,128,128,8,1533.38
2026-08-15 19:23:54.204,2026-08-15 19:23:55.473,12,761,64,512,384,8,1269.07
2026-08-15 19:23:55.535,2026-08-15 19:23:56.786,12,762,64,1024,384,8,1250.26
2026-08-15 19:23:56.848,2026-08-15 19:23:58.135,12,763,64,512,198,8,1287.22
2026-08-15 19:23:58.198,2026-08-15 19:23:59.482,12,764,16,2048,128,8,1284.83
2026-08-15 19:23:59.545,2026-08-15 19:24:00.873,12,765,32,512,128,8,1328.2
2026-08-15 19:24:00.937,2026-08-15 19:24:02.288,12,766,16,256,198,8,1350.63
2026-08-15 19:24:02.349,2026-08-15 19:24:03.612,12,767,16,2048,256,8,1263.26
2026-08-15 19:24:03.675,2026-08-15 19:24:04.981,12,768,32,256,256,8,1306.57
2026-08-15 19:24:05.044,2026-08-15 19:24:06.318,12,769,32,1024,198,8,1274.23
2026-08-15 19:24:06.381,2026-08-15 19:24:07.633,12,770,32,2048,256,8,1251.2
2026-08-15 19:24:07.695,2026-08-15 19:24:09.026,12,771,32,128,256,8,1330.87
2026-08-15 19:24:09.087,2026-08-15 19:24:10.371,12,772,64,1024,198,8,1283.31
2026-08-15 19:24:10.433,2026-08-15 19:24:11.723,12,773,32,512,256,8,1289.3
2026-08-15 19:24:11.785,2026-08-15 19:24:13.069,12,774,32,512,198,8,1283.98
2026-08-15 19:24:13.131,2026-08-15 19:24:14.386,12,775,16,1024,256,8,1254.93
2026-08-15 19:24:14.449,2026-08-15 19:24:15.725,12,776,32,2048,128,8,1276.19
2026-08-15 19:24:15.788,2026-08-15 19:24:17.054,12,777,16,1024,198,8,1266.72
2026-08-15 19:24:17.117,2026-08-15 19:24:18.518,12,778,16,128,198,8,1401.22
2026-08-15 19:24:18.576,2026-08-15 19:24:19.882,12,779,64,256,256,8,1305.73
2026-08-15 19:24:19.944,2026-08-15 19:24:21.251,12,780,32,256,384,8,1306.79
2026-08-15 19:24:21.318,2026-08-15 19:24:22.590,13,781,16,2048,384,8,1272
2026-08-15 19:24:22.652,2026-08-15 19:24:23.880,13,782,64,2048,384,8,1227.55
2026-08-15 19:24:23.943,2026-08-15 19:24:25.178,13,783,32,2048,384,8,1235.12
2026-08-15 19:24:25.240,2026-08-15 19:24:26.519,13,784,64,256,256,8,1278.94
2026-08-15 19:24:26.579,2026-08-15 19:24:27.862,13,785,32,1024,128,8,1282.84
2026-08-15 19:24:27.925,2026-08-15 19:24:29.197,13,786,64,1024,198,8,1272.26
2026-08-15 19:24:29.259,2026-08-15 19:24:30.545,13,787,32,256,256,8,1285.81
2026-08-15 19:24:30.606,2026-08-15 19:24:31.948,13,788,32,128,256,8,1342.27
2026-08-15 19:24:32.011,2026-08-15 19:24:33.294,13,789,16,2048,198,8,1282.72
2026-08-15 19:24:33.356,2026-08-15 19:24:34.649,13,790,16,512,198,8,1293.02
2026-08-15 19:24:34.710,2026-08-15 19:24:36.009,13,791,64,512,198,8,1299.06
2026-08-15 19:24:36.071,2026-08-15 19:24:37.330,13,792,32,1024,198,8,1258.52
2026-08-15 19:24:37.392,2026-08-15 19:24:38.738,13,793,32,128,198,8,1346.17
2026-08-15 19:24:38.797,2026-08-15 19:24:40.104,13,794,16,2048,128,8,1307
2026-08-15 19:24:40.166,2026-08-15 19:24:41.464,13,795,32,512,198,8,1297.5
2026-08-15 19:24:41.527,2026-08-15 19:24:42.796,13,796,64,2048,256,8,1269.19
2026-08-15 19:24:42.858,2026-08-15 19:24:44.118,13,797,16,1024,256,8,1259.46
2026-08-15 19:24:44.180,2026-08-15 19:24:45.416,13,798,32,512,384,8,1236.64
2026-08-15 19:24:45.478,2026-08-15 19:24:46.755,13,799,16,256,384,8,1277.2
2026-08-15 19:24:46.817,2026-08-15 19:24:48.069,13,800,32,512,256,8,1251.94
2026-08-15 19:24:48.130,2026-08-15 19:24:49.419,13,801,16,1024,128,8,1288.85
2026-08-15 19:24:49.482,2026-08-15 19:24:50.734,13,802,32,2048,256,8,1252.06
2026-08-15 19:24:50.796,2026-08-15 19:24:52.175,13,803,16,128,198,8,1378.63
2026-08-15 19:24:52.230,2026-08-15 19:24:53.581,13,804,64,128,198,8,1351.8
2026-08-15 19:24:53.638,2026-08-15 19:24:54.928,13,805,64,2048,198,8,1289.77
2026-08-15 19:24:54.990,2026-08-15 19:24:56.364,13,806,16,256,128,8,1374.15
2026-08-15 19:24:56.425,2026-08-15 19:24:57.846,13,807,32,128,128,8,1421.19
2026-08-15 19:24:57.898,2026-08-15 19:24:59.267,13,808,32,256,128,8,1368.49
2026-08-15 19:24:59.329,2026-08-15 19:25:00.641,13,809,64,256,384,8,1311.89
2026-08-15 19:25:00.703,2026-08-15 19:25:02.074,13,810,32,512,128,8,1371.07
2026-08-15 19:25:02.136,2026-08-15 19:25:03.448,13,811,64,2048,128,8,1311.93
2026-08-15 19:25:03.511,2026-08-15 19:25:04.800,13,812,32,256,384,8,1289.6
2026-08-15 19:25:04.863,2026-08-15 19:25:06.215,13,813,64,512,128,8,1351.74
2026-08-15 19:25:06.276,2026-08-15 19:25:07.633,13,814,64,128,384,8,1356.39
2026-08-15 19:25:07.695,2026-08-15 19:25:08.997,13,815,16,512,256,8,1302.33
2026-08-15 19:25:09.060,2026-08-15 19:25:10.314,13,816,64,1024,384,8,1254.06
2026-08-15 19:25:10.377,2026-08-15 19:25:11.700,13,817,32,256,198,8,1323.68
2026-08-15 19:25:11.762,2026-08-15 19:25:13.012,13,818,32,1024,384,8,1249.62
2026-08-15 19:25:13.074,2026-08-15 19:25:14.415,13,819,16,256,198,8,1341.41
2026-08-15 19:25:14.477,2026-08-15 19:25:15.718,13,820,16,2048,256,8,1241.23
2026-08-15 19:25:15.780,2026-08-15 19:25:17.092,13,821,16,256,256,8,1311.93
2026-08-15 19:25:17.153,2026-08-15 19:25:18.421,13,822,32,2048,198,8,1267.74
2026-08-15 19:25:18.483,2026-08-15 19:25:19.811,13,823,32,128,384,8,1327.83
2026-08-15 19:25:19.873,2026-08-15 19:25:21.217,13,824,64,256,198,8,1344.22
2026-08-15 19:25:21.283,2026-08-15 19:25:22.676,13,825,16,128,256,8,1393.46
2026-08-15 19:25:22.737,2026-08-15 19:25:24.099,13,826,16,512,128,8,1361.6
2026-08-15 19:25:24.159,2026-08-15 19:25:25.486,13,827,64,1024,128,8,1327.92
2026-08-15 19:25:25.549,2026-08-15 19:25:26.916,13,828,64,128,256,8,1366.57
2026-08-15 19:25:26.979,2026-08-15 19:25:28.293,13,829,32,2048,128,8,1314.46
2026-08-15 19:25:28.356,2026-08-15 19:25:29.664,13,830,64,512,256,8,1308.79
2026-08-15 19:25:29.727,2026-08-15 19:25:31.280,13,831,16,128,128,8,1552.82
2026-08-15 19:25:31.329,2026-08-15 19:25:32.664,13,832,64,256,128,8,1335.39
2026-08-15 19:25:32.727,2026-08-15 19:25:34.020,13,833,64,1024,256,8,1292.88
2026-08-15 19:25:34.083,2026-08-15 19:25:35.343,13,834,32,1024,256,8,1260.46
2026-08-15 19:25:35.406,2026-08-15 19:25:36.676,13,835,16,1024,198,8,1269.74
2026-08-15 19:25:36.738,2026-08-15 19:25:37.972,13,836,16,1024,384,8,1233.51
2026-08-15 19:25:38.034,2026-08-15 19:25:39.266,13,837,16,512,384,8,1231.75
2026-08-15 19:25:39.327,2026-08-15 19:25:40.693,13,838,64,128,128,8,1366.58
2026-08-15 19:25:40.742,2026-08-15 19:25:42.000,13,839,64,512,384,8,1257.48
2026-08-15 19:25:42.062,2026-08-15 19:25:43.411,13,840,16,128,384,8,1349.05
2026-08-15 19:25:43.474,2026-08-15 19:25:44.759,14,841,32,2048,256,8,1285.49
2026-08-15 19:25:44.822,2026-08-15 19:25:46.128,14,842,64,1024,128,8,1306.39
2026-08-15 19:25:46.191,2026-08-15 19:25:47.536,14,843,32,256,128,8,1344.95
2026-08-15 19:25:47.597,2026-08-15 19:25:48.959,14,844,32,128,256,8,1361.88
2026-08-15 19:25:49.021,2026-08-15 19:25:50.417,14,845,16,128,256,8,1396.15
2026-08-15 19:25:50.480,2026-08-15 19:25:51.911,14,846,16,128,198,8,1430.78
2026-08-15 19:25:51.967,2026-08-15 19:25:53.301,14,847,32,256,384,8,1333.54
2026-08-15 19:25:53.363,2026-08-15 19:25:54.755,14,848,32,128,384,8,1391.96
2026-08-15 19:25:54.817,2026-08-15 19:25:56.234,14,849,32,128,128,8,1417.88
2026-08-15 19:25:56.288,2026-08-15 19:25:57.574,14,850,32,1024,384,8,1285.5
2026-08-15 19:25:57.636,2026-08-15 19:25:58.918,14,851,16,2048,198,8,1281.28
2026-08-15 19:25:58.980,2026-08-15 19:26:00.251,14,852,64,512,384,8,1270.76
2026-08-15 19:26:00.313,2026-08-15 19:26:01.651,14,853,64,512,128,8,1338.49
2026-08-15 19:26:01.713,2026-08-15 19:26:02.959,14,854,32,512,384,8,1245.63
2026-08-15 19:26:03.021,2026-08-15 19:26:04.329,14,855,32,256,256,8,1307.54
2026-08-15 19:26:04.390,2026-08-15 19:26:05.671,14,856,16,1024,198,8,1281.23
2026-08-15 19:26:05.734,2026-08-15 19:26:07.016,14,857,32,512,198,8,1282.35
2026-08-15 19:26:07.078,2026-08-15 19:26:08.339,14,858,16,2048,256,8,1260.62
2026-08-15 19:26:08.401,2026-08-15 19:26:09.673,14,859,64,256,384,8,1271.61
2026-08-15 19:26:09.735,2026-08-15 19:26:11.077,14,860,64,128,198,8,1341.96
2026-08-15 19:26:11.135,2026-08-15 19:26:12.442,14,861,16,256,384,8,1307.5
2026-08-15 19:26:12.505,2026-08-15 19:26:13.832,14,862,16,256,256,8,1327.26
2026-08-15 19:26:13.895,2026-08-15 19:26:15.184,14,863,64,2048,198,8,1288.67
2026-08-15 19:26:15.246,2026-08-15 19:26:16.512,14,864,16,1024,256,8,1265.97
2026-08-15 19:26:16.575,2026-08-15 19:26:17.919,14,865,16,512,128,8,1344.61
2026-08-15 19:26:17.980,2026-08-15 19:26:19.236,14,866,32,2048,198,8,1256.29
2026-08-15 19:26:19.298,2026-08-15 19:26:20.555,14,867,32,1024,198,8,1257.35
2026-08-15 19:26:20.618,2026-08-15 19:26:21.876,14,868,16,512,384,8,1258.04
2026-08-15 19:26:21.940,2026-08-15 19:26:23.227,14,869,32,1024,128,8,1287.32
2026-08-15 19:26:23.289,2026-08-15 19:26:24.624,14,870,64,256,128,8,1334.12
2026-08-15 19:26:24.681,2026-08-15 19:26:25.970,14,871,64,512,256,8,1289.03
2026-08-15 19:26:26.032,2026-08-15 19:26:27.278,14,872,32,2048,384,8,1245.8
2026-08-15 19:26:27.340,2026-08-15 19:26:28.621,14,873,16,2048,128,8,1280.34
2026-08-15 19:26:28.683,2026-08-15 19:26:29.960,14,874,16,512,256,8,1276.88
2026-08-15 19:26:30.022,2026-08-15 19:26:31.304,14,875,16,1024,128,8,1281.97
2026-08-15 19:26:31.367,2026-08-15 19:26:32.754,14,876,64,128,128,8,1386.92
2026-08-15 19:26:32.803,2026-08-15 19:26:34.152,14,877,32,512,128,8,1348.73
2026-08-15 19:26:34.213,2026-08-15 19:26:35.565,14,878,32,256,198,8,1352.29
2026-08-15 19:26:35.628,2026-08-15 19:26:36.969,14,879,64,256,256,8,1341.34
2026-08-15 19:26:37.032,2026-08-15 19:26:38.411,14,880,32,128,198,8,1379.47
2026-08-15 19:26:38.468,2026-08-15 19:26:39.771,14,881,64,1024,198,8,1303.1
2026-08-15 19:26:39.834,2026-08-15 19:26:41.154,14,882,32,2048,128,8,1320.16
2026-08-15 19:26:41.217,2026-08-15 19:26:42.499,14,883,64,1024,256,8,1281.94
2026-08-15 19:26:42.561,2026-08-15 19:26:43.911,14,884,64,128,384,8,1349.42
2026-08-15 19:26:43.973,2026-08-15 19:26:45.230,14,885,16,2048,384,8,1257.07
2026-08-15 19:26:45.293,2026-08-15 19:26:46.595,14,886,64,512,198,8,1302.14
2026-08-15 19:26:46.656,2026-08-15 19:26:47.886,14,887,64,2048,384,8,1229.38
2026-08-15 19:26:47.948,2026-08-15 19:26:49.285,14,888,64,128,256,8,1336.72
2026-08-15 19:26:49.346,2026-08-15 19:26:50.702,14,889,16,128,384,8,1356.49
2026-08-15 19:26:50.765,2026-08-15 19:26:52.119,14,890,64,256,198,8,1353.81
2026-08-15 19:26:52.182,2026-08-15 19:26:53.453,14,891,64,1024,384,8,1271.1
2026-08-15 19:26:53.516,2026-08-15 19:26:54.820,14,892,16,512,198,8,1304.51
2026-08-15 19:26:54.880,2026-08-15 19:26:56.243,14,893,16,256,198,8,1363.32
2026-08-15 19:26:56.305,2026-08-15 19:26:57.604,14,894,32,512,256,8,1299.2
2026-08-15 19:26:57.666,2026-08-15 19:26:58.905,14,895,16,1024,384,8,1238.61
2026-08-15 19:26:58.968,2026-08-15 19:27:00.223,14,896,32,1024,256,8,1255.67
2026-08-15 19:27:00.286,2026-08-15 19:27:01.663,14,897,16,256,128,8,1377.34
2026-08-15 19:27:01.717,2026-08-15 19:27:03.248,14,898,16,128,128,8,1530.67
2026-08-15 19:27:03.297,2026-08-15 19:27:04.570,14,899,64,2048,256,8,1272.79
2026-08-15 19:27:04.632,2026-08-15 19:27:05.944,14,900,64,2048,128,8,1311.79
2026-08-15 19:27:06.007,2026-08-15 19:27:07.276,15,901,32,512,384,8,1268.95
2026-08-15 19:27:07.338,2026-08-15 19:27:08.656,15,902,64,256,256,8,1317.82
2026-08-15 19:27:08.716,2026-08-15 19:27:09.962,15,903,16,1024,256,8,1245.88
2026-08-15 19:27:10.025,2026-08-15 19:27:11.377,15,904,16,256,198,8,1352.41
2026-08-15 19:27:11.438,2026-08-15 19:27:12.692,15,905,64,2048,256,8,1254.27
2026-08-15 19:27:12.755,2026-08-15 19:27:14.036,15,906,32,512,198,8,1281.17
2026-08-15 19:27:14.098,2026-08-15 19:27:15.391,15,907,16,2048,128,8,1292.58
2026-08-15 19:27:15.454,2026-08-15 19:27:16.800,15,908,32,256,128,8,1346.76
2026-08-15 19:27:16.859,2026-08-15 19:27:18.192,15,909,64,256,198,8,1332.32
2026-08-15 19:27:18.253,2026-08-15 19:27:19.620,15,910,32,128,198,8,1366.85
2026-08-15 19:27:19.679,2026-08-15 19:27:20.983,15,911,64,512,256,8,1303.84
2026-08-15 19:27:21.048,2026-08-15 19:27:22.343,15,912,64,1024,198,8,1294.3
2026-08-15 19:27:22.405,2026-08-15 19:27:23.685,15,913,32,1024,198,8,1280.08
2026-08-15 19:27:23.748,2026-08-15 19:27:25.027,15,914,16,256,384,8,1279.01
2026-08-15 19:27:25.089,2026-08-15 19:27:26.443,15,915,32,256,198,8,1353.37
2026-08-15 19:27:26.504,2026-08-15 19:27:27.869,15,916,32,128,384,8,1365.23
2026-08-15 19:27:27.931,2026-08-15 19:27:29.203,15,917,16,2048,198,8,1271.76
2026-08-15 19:27:29.265,2026-08-15 19:27:30.528,15,918,32,2048,384,8,1263.02
2026-08-15 19:27:30.591,2026-08-15 19:27:31.860,15,919,32,512,256,8,1269.63
2026-08-15 19:27:31.923,2026-08-15 19:27:33.152,15,920,32,1024,384,8,1228.85
2026-08-15 19:27:33.215,2026-08-15 19:27:34.535,15,921,64,128,198,8,1320.13
2026-08-15 19:27:34.591,2026-08-15 19:27:35.823,15,922,16,2048,384,8,1231.54
2026-08-15 19:27:35.885,2026-08-15 19:27:37.190,15,923,64,1024,128,8,1304.77
2026-08-15 19:27:37.251,2026-08-15 19:27:38.554,15,924,16,1024,128,8,1303
2026-08-15 19:27:38.616,2026-08-15 19:27:39.908,15,925,64,512,198,8,1292.19
2026-08-15 19:27:39.970,2026-08-15 19:27:41.318,15,926,64,128,384,8,1348.47
2026-08-15 19:27:41.384,2026-08-15 19:27:42.654,15,927,32,2048,198,8,1270.19
2026-08-15 19:27:42.717,2026-08-15 19:27:43.980,15,928,16,2048,256,8,1262.79
2026-08-15 19:27:44.043,2026-08-15 19:27:45.383,15,929,32,128,256,8,1339.88
2026-08-15 19:27:45.444,2026-08-15 19:27:46.771,15,930,16,256,256,8,1326.68
2026-08-15 19:27:46.833,2026-08-15 19:27:48.218,15,931,64,128,256,8,1384.83
2026-08-15 19:27:48.281,2026-08-15 19:27:49.723,15,932,32,128,128,8,1441.84
2026-08-15 19:27:49.776,2026-08-15 19:27:51.083,15,933,16,1024,198,8,1307.05
2026-08-15 19:27:51.146,2026-08-15 19:27:52.479,15,934,32,1024,128,8,1333.65
2026-08-15 19:27:52.542,2026-08-15 19:27:53.906,15,935,32,512,128,8,1364.27
2026-08-15 19:27:53.967,2026-08-15 19:27:55.235,15,936,64,2048,198,8,1268.65
2026-08-15 19:27:55.298,2026-08-15 19:27:56.653,15,937,16,512,128,8,1355.26
2026-08-15 19:27:56.714,2026-08-15 19:27:58.018,15,938,32,2048,128,8,1304.14
2026-08-15 19:27:58.081,2026-08-15 19:27:59.335,15,939,32,2048,256,8,1254.17
2026-08-15 19:27:59.398,2026-08-15 19:28:00.789,15,940,64,128,128,8,1391.27
2026-08-15 19:28:00.840,2026-08-15 19:28:02.230,15,941,16,128,256,8,1389.96
2026-08-15 19:28:02.290,2026-08-15 19:28:03.573,15,942,16,512,384,8,1282.17
2026-08-15 19:28:03.635,2026-08-15 19:28:04.925,15,943,64,512,384,8,1289.86
2026-08-15 19:28:04.986,2026-08-15 19:28:06.222,15,944,64,2048,384,8,1235.42
2026-08-15 19:28:06.284,2026-08-15 19:28:07.606,15,945,64,512,128,8,1322.02
2026-08-15 19:28:07.668,2026-08-15 19:28:08.975,15,946,16,512,198,8,1306.48
2026-08-15 19:28:09.035,2026-08-15 19:28:10.332,15,947,32,256,256,8,1296.54
2026-08-15 19:28:10.395,2026-08-15 19:28:11.766,15,948,16,128,384,8,1371.75
2026-08-15 19:28:11.828,2026-08-15 19:28:13.141,15,949,16,512,256,8,1313.25
2026-08-15 19:28:13.203,2026-08-15 19:28:14.581,15,950,16,256,128,8,1378.49
2026-08-15 19:28:14.643,2026-08-15 19:28:15.928,15,951,64,1024,256,8,1285.14
2026-08-15 19:28:15.990,2026-08-15 19:28:17.293,15,952,64,256,384,8,1302.22
2026-08-15 19:28:17.355,2026-08-15 19:28:18.692,15,953,64,256,128,8,1336.35
2026-08-15 19:28:18.749,2026-08-15 19:28:20.311,15,954,16,128,128,8,1561.99
2026-08-15 19:28:20.360,2026-08-15 19:28:21.788,15,955,16,128,198,8,1428.26
2026-08-15 19:28:21.845,2026-08-15 19:28:23.182,15,956,64,2048,128,8,1336.41
2026-08-15 19:28:23.245,2026-08-15 19:28:24.578,15,957,32,256,384,8,1332.98
2026-08-15 19:28:24.641,2026-08-15 19:28:25.915,15,958,64,1024,384,8,1274.74
2026-08-15 19:28:25.978,2026-08-15 19:28:27.241,15,959,32,1024,256,8,1262.65
2026-08-15 19:28:27.303,2026-08-15 19:28:28.543,15,960,16,1024,384,8,1240.05
2026-08-15 19:28:28.606,2026-08-15 19:28:29.849,16,961,16,1024,256,8,1243.71
2026-08-15 19:28:29.912,2026-08-15 19:28:31.294,16,962,16,256,128,8,1381.98
2026-08-15 19:28:31.349,2026-08-15 19:28:32.583,16,963,64,2048,384,8,1233.97
2026-08-15 19:28:32.645,2026-08-15 19:28:33.941,16,964,64,1024,128,8,1296.06
2026-08-15 19:28:34.003,2026-08-15 19:28:35.260,16,965,64,2048,256,8,1256.26
2026-08-15 19:28:35.322,2026-08-15 19:28:36.666,16,966,16,512,128,8,1343.58
2026-08-15 19:28:36.725,2026-08-15 19:28:38.064,16,967,32,128,384,8,1339.29
2026-08-15 19:28:38.127,2026-08-15 19:28:39.412,16,968,16,512,384,8,1285.5
2026-08-15 19:28:39.474,2026-08-15 19:28:40.787,16,969,16,1024,128,8,1312.74
2026-08-15 19:28:40.850,2026-08-15 19:28:42.120,16,970,32,1024,256,8,1270.35
2026-08-15 19:28:42.183,2026-08-15 19:28:43.548,16,971,64,128,384,8,1364.82
2026-08-15 19:28:43.610,2026-08-15 19:28:44.859,16,972,32,1024,384,8,1248.92
2026-08-15 19:28:44.921,2026-08-15 19:28:46.199,16,973,32,1024,198,8,1277.48
2026-08-15 19:28:46.261,2026-08-15 19:28:47.623,16,974,32,128,198,8,1361.3
2026-08-15 19:28:47.679,2026-08-15 19:28:49.069,16,975,16,128,256,8,1390.21
2026-08-15 19:28:49.132,2026-08-15 19:28:50.482,16,976,64,512,256,8,1350.56
2026-08-15 19:28:50.545,2026-08-15 19:28:51.890,16,977,32,1024,128,8,1345.45
2026-08-15 19:28:51.953,2026-08-15 19:28:53.217,16,978,32,2048,384,8,1264.2
2026-08-15 19:28:53.279,2026-08-15 19:28:54.551,16,979,16,2048,256,8,1271.66
2026-08-15 19:28:54.613,2026-08-15 19:28:55.954,16,980,64,256,128,8,1340.9
2026-08-15 19:28:56.016,2026-08-15 19:28:57.262,16,981,16,2048,384,8,1246.27
2026-08-15 19:28:57.324,2026-08-15 19:28:58.608,16,982,32,512,256,8,1283.57
2026-08-15 19:28:58.670,2026-08-15 19:28:59.940,16,983,16,256,384,8,1270.02
2026-08-15 19:29:00.003,2026-08-15 19:29:01.298,16,984,32,256,384,8,1294.92
2026-08-15 19:29:01.364,2026-08-15 19:29:02.721,16,985,16,256,198,8,1357.36
2026-08-15 19:29:02.783,2026-08-15 19:29:04.044,16,986,32,512,384,8,1260.9
2026-08-15 19:29:04.107,2026-08-15 19:29:05.437,16,987,64,256,256,8,1330.4
2026-08-15 19:29:05.500,2026-08-15 19:29:06.740,16,988,16,1024,384,8,1240.05
2026-08-15 19:29:06.803,2026-08-15 19:29:08.202,16,989,16,128,198,8,1399.05
2026-08-15 19:29:08.257,2026-08-15 19:29:09.577,16,990,32,512,198,8,1320.04
2026-08-15 19:29:09.639,2026-08-15 19:29:11.049,16,991,32,128,128,8,1410.24
2026-08-15 19:29:11.098,2026-08-15 19:29:12.440,16,992,16,512,198,8,1341.62
2026-08-15 19:29:12.502,2026-08-15 19:29:13.825,16,993,64,2048,128,8,1323.49
2026-08-15 19:29:13.888,2026-08-15 19:29:15.214,16,994,32,256,256,8,1326.56
2026-08-15 19:29:15.276,2026-08-15 19:29:16.662,16,995,16,128,384,8,1385.31
2026-08-15 19:29:16.724,2026-08-15 19:29:18.005,16,996,64,1024,384,8,1281.05
2026-08-15 19:29:18.068,2026-08-15 19:29:19.402,16,997,64,256,198,8,1334.42
2026-08-15 19:29:19.465,2026-08-15 19:29:20.766,16,998,16,512,256,8,1301.31
2026-08-15 19:29:20.828,2026-08-15 19:29:22.111,16,999,64,1024,198,8,1283.54
2026-08-15 19:29:22.174,2026-08-15 19:29:23.504,16,1000,32,256,198,8,1329.88
2026-08-15 19:29:23.566,2026-08-15 19:29:24.878,16,1001,32,2048,128,8,1312.06
2026-08-15 19:29:24.941,2026-08-15 19:29:26.337,16,1002,64,128,128,8,1396.23
2026-08-15 19:29:26.387,2026-08-15 19:29:27.658,16,1003,32,2048,256,8,1271.07
2026-08-15 19:29:27.721,2026-08-15 19:29:29.088,16,1004,32,128,256,8,1367.66
2026-08-15 19:29:29.151,2026-08-15 19:29:30.488,16,1005,16,256,256,8,1337.31
2026-08-15 19:29:30.549,2026-08-15 19:29:31.848,16,1006,64,512,384,8,1298.83
2026-08-15 19:29:31.910,2026-08-15 19:29:33.260,16,1007,32,512,128,8,1349.28
2026-08-15 19:29:33.320,2026-08-15 19:29:34.671,16,1008,64,128,256,8,1350.34
2026-08-15 19:29:34.733,2026-08-15 19:29:36.025,16,1009,32,2048,198,8,1292.04
2026-08-15 19:29:36.088,2026-08-15 19:29:37.376,16,1010,16,1024,198,8,1287.9
2026-08-15 19:29:37.438,2026-08-15 19:29:38.780,16,1011,32,256,128,8,1342.5
2026-08-15 19:29:38.840,2026-08-15 19:29:40.117,16,1012,16,2048,198,8,1276.55
2026-08-15 19:29:40.180,2026-08-15 19:29:41.460,16,1013,64,2048,198,8,1279.93
2026-08-15 19:29:41.521,2026-08-15 19:29:43.058,16,1014,16,128,128,8,1536.94
2026-08-15 19:29:43.106,2026-08-15 19:29:44.409,16,1015,16,2048,128,8,1302.93
2026-08-15 19:29:44.472,2026-08-15 19:29:45.786,16,1016,64,256,384,8,1314.2
2026-08-15 19:29:45.849,2026-08-15 19:29:47.191,16,1017,64,128,198,8,1342.26
2026-08-15 19:29:47.247,2026-08-15 19:29:48.582,16,1018,64,512,198,8,1335.22
2026-08-15 19:29:48.644,2026-08-15 19:29:49.932,16,1019,64,1024,256,8,1287.73
2026-08-15 19:29:49.995,2026-08-15 19:29:51.331,16,1020,64,512,128,8,1336.86
2026-08-15 19:29:51.394,2026-08-15 19:29:52.699,17,1021,64,1024,198,8,1305.55
2026-08-15 19:29:52.762,2026-08-15 19:29:54.063,17,1022,32,1024,128,8,1301.27
2026-08-15 19:29:54.126,2026-08-15 19:29:55.407,17,1023,32,2048,198,8,1281.54
2026-08-15 19:29:55.470,2026-08-15 19:29:56.725,17,1024,64,2048,256,8,1255.7
2026-08-15 19:29:56.788,2026-08-15 19:29:58.062,17,1025,16,2048,128,8,1274.48
2026-08-15 19:29:58.125,2026-08-15 19:29:59.470,17,1026,32,128,384,8,1344.49
2026-08-15 19:29:59.532,2026-08-15 19:30:00.856,17,1027,32,512,198,8,1324.05
2026-08-15 19:30:00.923,2026-08-15 19:30:02.186,17,1028,64,2048,198,8,1263.36
2026-08-15 19:30:02.249,2026-08-15 19:30:03.640,17,1029,64,128,128,8,1390.89
2026-08-15 19:30:03.691,2026-08-15 19:30:04.998,17,1030,64,512,256,8,1307.06
2026-08-15 19:30:05.061,2026-08-15 19:30:06.323,17,1031,16,1024,256,8,1261.84
2026-08-15 19:30:06.386,2026-08-15 19:30:07.636,17,1032,64,1024,384,8,1250.26
2026-08-15 19:30:07.698,2026-08-15 19:30:08.983,17,1033,64,512,198,8,1284.8
2026-08-15 19:30:09.045,2026-08-15 19:30:10.387,17,1034,16,256,198,8,1341.61
2026-08-15 19:30:10.448,2026-08-15 19:30:11.790,17,1035,64,256,198,8,1341.99
2026-08-15 19:30:11.853,2026-08-15 19:30:13.102,17,1036,16,2048,384,8,1249.11
2026-08-15 19:30:13.164,2026-08-15 19:30:14.455,17,1037,32,2048,128,8,1291.64
2026-08-15 19:30:14.518,2026-08-15 19:30:15.873,17,1038,32,128,256,8,1355.45
2026-08-15 19:30:15.936,2026-08-15 19:30:17.183,17,1039,64,2048,384,8,1246.99
2026-08-15 19:30:17.246,2026-08-15 19:30:18.600,17,1040,64,128,384,8,1354.18
2026-08-15 19:30:18.663,2026-08-15 19:30:19.946,17,1041,16,1024,198,8,1282.99
2026-08-15 19:30:20.008,2026-08-15 19:30:21.308,17,1042,16,256,384,8,1300.07
2026-08-15 19:30:21.372,2026-08-15 19:30:22.927,17,1043,16,128,128,8,1554.77
2026-08-15 19:30:22.976,2026-08-15 19:30:24.291,17,1044,32,256,256,8,1315.01
2026-08-15 19:30:24.353,2026-08-15 19:30:25.723,17,1045,64,128,256,8,1369
2026-08-15 19:30:25.784,2026-08-15 19:30:27.172,17,1046,16,512,128,8,1387.4
2026-08-15 19:30:27.233,2026-08-15 19:30:28.602,17,1047,16,128,384,8,1369.07
2026-08-15 19:30:28.664,2026-08-15 19:30:30.013,17,1048,64,1024,128,8,1349.26
2026-08-15 19:30:30.076,2026-08-15 19:30:31.379,17,1049,32,1024,198,8,1302.74
2026-08-15 19:30:31.441,2026-08-15 19:30:32.711,17,1050,64,1024,256,8,1269.58
2026-08-15 19:30:32.773,2026-08-15 19:30:34.177,17,1051,16,128,198,8,1403.8
2026-08-15 19:30:34.233,2026-08-15 19:30:35.498,17,1052,32,1024,384,8,1265.05
2026-08-15 19:30:35.560,2026-08-15 19:30:36.793,17,1053,16,1024,384,8,1232.39
2026-08-15 19:30:36.855,2026-08-15 19:30:38.091,17,1054,32,2048,384,8,1235.36
2026-08-15 19:30:38.153,2026-08-15 19:30:39.530,17,1055,16,256,128,8,1376.75
2026-08-15 19:30:39.584,2026-08-15 19:30:40.812,17,1056,32,1024,256,8,1227.35
2026-08-15 19:30:40.878,2026-08-15 19:30:42.179,17,1057,16,1024,128,8,1300.45
2026-08-15 19:30:42.241,2026-08-15 19:30:43.602,17,1058,16,128,256,8,1361.16
2026-08-15 19:30:43.665,2026-08-15 19:30:44.997,17,1059,64,256,256,8,1332.32
2026-08-15 19:30:45.059,2026-08-15 19:30:46.338,17,1060,16,2048,256,8,1279.51
2026-08-15 19:30:46.401,2026-08-15 19:30:47.689,17,1061,64,2048,128,8,1288.22
2026-08-15 19:30:47.752,2026-08-15 19:30:49.073,17,1062,16,256,256,8,1321.42
2026-08-15 19:30:49.134,2026-08-15 19:30:50.484,17,1063,32,512,128,8,1349.31
2026-08-15 19:30:50.546,2026-08-15 19:30:51.875,17,1064,64,128,198,8,1329.42
2026-08-15 19:30:51.933,2026-08-15 19:30:53.219,17,1065,32,2048,256,8,1286.4
2026-08-15 19:30:53.281,2026-08-15 19:30:54.571,17,1066,32,512,256,8,1290.07
2026-08-15 19:30:54.633,2026-08-15 19:30:55.907,17,1067,16,512,256,8,1273.48
2026-08-15 19:30:55.969,2026-08-15 19:30:57.263,17,1068,64,256,384,8,1294.78
2026-08-15 19:30:57.326,2026-08-15 19:30:58.613,17,1069,16,512,198,8,1286.61
2026-08-15 19:30:58.673,2026-08-15 19:30:59.932,17,1070,16,2048,198,8,1258.52
2026-08-15 19:30:59.994,2026-08-15 19:31:01.291,17,1071,32,256,384,8,1297.05
2026-08-15 19:31:01.356,2026-08-15 19:31:02.596,17,1072,16,512,384,8,1240.72
2026-08-15 19:31:02.659,2026-08-15 19:31:03.919,17,1073,64,512,384,8,1259.9
2026-08-15 19:31:03.980,2026-08-15 19:31:05.297,17,1074,64,512,128,8,1316.63
2026-08-15 19:31:05.358,2026-08-15 19:31:06.598,17,1075,32,512,384,8,1239.5
2026-08-15 19:31:06.659,2026-08-15 19:31:08.005,17,1076,32,256,128,8,1346.32
2026-08-15 19:31:08.063,2026-08-15 19:31:09.396,17,1077,32,128,198,8,1333.01
2026-08-15 19:31:09.454,2026-08-15 19:31:10.870,17,1078,32,128,128,8,1416.62
2026-08-15 19:31:10.920,2026-08-15 19:31:12.293,17,1079,64,256,128,8,1372.71
2026-08-15 19:31:12.355,2026-08-15 19:31:13.715,17,1080,32,256,198,8,1360.55
2026-08-15 19:31:13.778,2026-08-15 19:31:15.094,18,1081,64,2048,198,8,1316.35
2026-08-15 19:31:15.157,2026-08-15 19:31:16.470,18,1082,64,2048,128,8,1313
2026-08-15 19:31:16.533,2026-08-15 19:31:17.837,18,1083,32,256,256,8,1304.56
2026-08-15 19:31:17.900,2026-08-15 19:31:19.220,18,1084,16,1024,128,8,1320.16
2026-08-15 19:31:19.282,2026-08-15 19:31:20.534,18,1085,64,1024,384,8,1252.28
2026-08-15 19:31:20.597,2026-08-15 19:31:21.933,18,1086,64,128,384,8,1336.46
2026-08-15 19:31:21.996,2026-08-15 19:31:23.304,18,1087,64,1024,128,8,1308.09
2026-08-15 19:31:23.366,2026-08-15 19:31:24.652,18,1088,64,256,384,8,1285.26
2026-08-15 19:31:24.714,2026-08-15 19:31:26.009,18,1089,64,1024,198,8,1295.02
2026-08-15 19:31:26.072,2026-08-15 19:31:27.353,18,1090,64,512,256,8,1281.47
2026-08-15 19:31:27.415,2026-08-15 19:31:28.669,18,1091,64,512,384,8,1254
2026-08-15 19:31:28.731,2026-08-15 19:31:30.033,18,1092,64,256,256,8,1301.64
2026-08-15 19:31:30.093,2026-08-15 19:31:31.359,18,1093,64,1024,256,8,1265.28
2026-08-15 19:31:31.422,2026-08-15 19:31:32.762,18,1094,32,256,128,8,1340.07
2026-08-15 19:31:32.820,2026-08-15 19:31:34.167,18,1095,16,256,198,8,1347
2026-08-15 19:31:34.227,2026-08-15 19:31:35.518,18,1096,32,2048,128,8,1291.21
2026-08-15 19:31:35.581,2026-08-15 19:31:36.844,18,1097,64,2048,384,8,1262.72
2026-08-15 19:31:36.907,2026-08-15 19:31:38.155,18,1098,32,2048,256,8,1248.25
2026-08-15 19:31:38.218,2026-08-15 19:31:39.539,18,1099,64,128,256,8,1321.1
2026-08-15 19:31:39.597,2026-08-15 19:31:40.929,18,1100,16,256,256,8,1331.85
2026-08-15 19:31:40.996,2026-08-15 19:31:42.347,18,1101,32,512,128,8,1351.31
2026-08-15 19:31:42.409,2026-08-15 19:31:43.717,18,1102,16,512,198,8,1308
2026-08-15 19:31:43.779,2026-08-15 19:31:45.151,18,1103,16,512,128,8,1371.71
2026-08-15 19:31:45.212,2026-08-15 19:31:46.501,18,1104,32,512,256,8,1289.31
2026-08-15 19:31:46.563,2026-08-15 19:31:47.830,18,1105,32,1024,198,8,1266.72
2026-08-15 19:31:47.893,2026-08-15 19:31:49.154,18,1106,16,2048,256,8,1260.95
2026-08-15 19:31:49.216,2026-08-15 19:31:50.485,18,1107,16,256,384,8,1268.76
2026-08-15 19:31:50.547,2026-08-15 19:31:51.928,18,1108,64,128,128,8,1381.73
2026-08-15 19:31:51.978,2026-08-15 19:31:53.273,18,1109,32,256,384,8,1295.25
2026-08-15 19:31:53.335,2026-08-15 19:31:54.746,18,1110,16,128,198,8,1411.26
2026-08-15 19:31:54.803,2026-08-15 19:31:56.074,18,1111,32,1024,384,8,1270.52
2026-08-15 19:31:56.136,2026-08-15 19:31:57.487,18,1112,64,256,198,8,1350.73
2026-08-15 19:31:57.549,2026-08-15 19:31:58.913,18,1113,16,128,384,8,1363.74
2026-08-15 19:31:58.976,2026-08-15 19:32:00.354,18,1114,32,128,384,8,1378.56
2026-08-15 19:32:00.417,2026-08-15 19:32:01.719,18,1115,32,2048,198,8,1302.13
2026-08-15 19:32:01.785,2026-08-15 19:32:03.138,18,1116,64,128,198,8,1352.7
2026-08-15 19:32:03.196,2026-08-15 19:32:04.480,18,1117,64,2048,256,8,1283.36
2026-08-15 19:32:04.542,2026-08-15 19:32:05.970,18,1118,32,128,128,8,1427.83
2026-08-15 19:32:06.022,2026-08-15 19:32:07.574,18,1119,16,128,128,8,1551.78
2026-08-15 19:32:07.623,2026-08-15 19:32:08.970,18,1120,32,1024,128,8,1346.54
2026-08-15 19:32:09.032,2026-08-15 19:32:10.417,18,1121,32,128,198,8,1385.05
2026-08-15 19:32:10.480,2026-08-15 19:32:11.805,18,1122,16,2048,128,8,1325.09
2026-08-15 19:32:11.868,2026-08-15 19:32:13.179,18,1123,16,2048,198,8,1311.34
2026-08-15 19:32:13.242,2026-08-15 19:32:14.502,18,1124,32,2048,384,8,1260.29
2026-08-15 19:32:14.564,2026-08-15 19:32:15.838,18,1125,16,512,256,8,1274.22
2026-08-15 19:32:15.900,2026-08-15 19:32:17.132,18,1126,16,2048,384,8,1231.32
2026-08-15 19:32:17.194,2026-08-15 19:32:18.431,18,1127,32,512,384,8,1236.19
2026-08-15 19:32:18.492,2026-08-15 19:32:19.857,18,1128,16,128,256,8,1364.96
2026-08-15 19:32:19.918,2026-08-15 19:32:21.264,18,1129,64,256,128,8,1345.91
2026-08-15 19:32:21.326,2026-08-15 19:32:22.663,18,1130,64,512,128,8,1336.19
2026-08-15 19:32:22.724,2026-08-15 19:32:24.108,18,1131,32,128,256,8,1383.87
2026-08-15 19:32:24.171,2026-08-15 19:32:25.543,18,1132,32,256,198,8,1372.22
2026-08-15 19:32:25.605,2026-08-15 19:32:26.915,18,1133,16,512,384,8,1309.87
2026-08-15 19:32:26.978,2026-08-15 19:32:28.255,18,1134,16,1024,256,8,1277.06
2026-08-15 19:32:28.318,2026-08-15 19:32:29.582,18,1135,32,1024,256,8,1264.23
2026-08-15 19:32:29.645,2026-08-15 19:32:30.905,18,1136,16,1024,198,8,1260.87
2026-08-15 19:32:30.969,2026-08-15 19:32:32.348,18,1137,16,256,128,8,1379.71
2026-08-15 19:32:32.405,2026-08-15 19:32:33.688,18,1138,64,512,198,8,1283.48
2026-08-15 19:32:33.751,2026-08-15 19:32:35.006,18,1139,16,1024,384,8,1254.91
2026-08-15 19:32:35.069,2026-08-15 19:32:36.364,18,1140,32,512,198,8,1294.81
2026-08-15 19:32:36.426,2026-08-15 19:32:37.720,19,1141,16,2048,128,8,1294.02
2026-08-15 19:32:37.782,2026-08-15 19:32:39.066,19,1142,32,512,256,8,1283.97
2026-08-15 19:32:39.128,2026-08-15 19:32:40.389,19,1143,16,1024,256,8,1260.55
2026-08-15 19:32:40.451,2026-08-15 19:32:41.817,19,1144,16,128,256,8,1365.46
2026-08-15 19:32:41.879,2026-08-15 19:32:43.159,19,1145,32,1024,256,8,1279.94
2026-08-15 19:32:43.222,2026-08-15 19:32:44.495,19,1146,64,1024,256,8,1273.45
2026-08-15 19:32:44.558,2026-08-15 19:32:45.845,19,1147,32,2048,128,8,1287.23
2026-08-15 19:32:45.908,2026-08-15 19:32:47.202,19,1148,32,256,384,8,1293.84
2026-08-15 19:32:47.263,2026-08-15 19:32:48.499,19,1149,16,2048,384,8,1235.87
2026-08-15 19:32:48.562,2026-08-15 19:32:49.942,19,1150,64,128,128,8,1380.7
2026-08-15 19:32:49.991,2026-08-15 19:32:51.261,19,1151,64,512,384,8,1269.89
2026-08-15 19:32:51.323,2026-08-15 19:32:52.569,19,1152,32,2048,384,8,1246.09
2026-08-15 19:32:52.632,2026-08-15 19:32:53.890,19,1153,64,2048,198,8,1257.75
2026-08-15 19:32:53.952,2026-08-15 19:32:55.172,19,1154,16,1024,384,8,1219.92
2026-08-15 19:32:55.235,2026-08-15 19:32:56.571,19,1155,64,256,128,8,1336.14
2026-08-15 19:32:56.629,2026-08-15 19:32:57.865,19,1156,64,1024,384,8,1236.17
2026-08-15 19:32:57.927,2026-08-15 19:32:59.215,19,1157,16,1024,128,8,1287.49
2026-08-15 19:32:59.277,2026-08-15 19:33:00.539,19,1158,16,2048,198,8,1262.12
2026-08-15 19:33:00.601,2026-08-15 19:33:01.981,19,1159,16,256,128,8,1379.77
2026-08-15 19:33:02.037,2026-08-15 19:33:03.372,19,1160,16,256,198,8,1334.76
2026-08-15 19:33:03.434,2026-08-15 19:33:04.986,19,1161,16,128,128,8,1552.46
2026-08-15 19:33:05.034,2026-08-15 19:33:06.422,19,1162,16,128,384,8,1387.75
2026-08-15 19:33:06.485,2026-08-15 19:33:07.853,19,1163,32,128,198,8,1367.92
2026-08-15 19:33:07.915,2026-08-15 19:33:09.284,19,1164,64,256,256,8,1368.98
2026-08-15 19:33:09.346,2026-08-15 19:33:10.669,19,1165,32,1024,198,8,1322.95
2026-08-15 19:33:10.731,2026-08-15 19:33:11.988,19,1166,32,1024,384,8,1256.61
2026-08-15 19:33:12.051,2026-08-15 19:33:13.310,19,1167,64,2048,384,8,1258.95
2026-08-15 19:33:13.372,2026-08-15 19:33:14.675,19,1168,32,256,256,8,1303.19
2026-08-15 19:33:14.737,2026-08-15 19:33:16.020,19,1169,16,512,198,8,1283.26
2026-08-15 19:33:16.081,2026-08-15 19:33:17.358,19,1170,64,1024,198,8,1276.82
2026-08-15 19:33:17.420,2026-08-15 19:33:18.659,19,1171,32,2048,256,8,1238.65
2026-08-15 19:33:18.721,2026-08-15 19:33:20.068,19,1172,32,128,384,8,1346.51
2026-08-15 19:33:20.130,2026-08-15 19:33:21.496,19,1173,64,128,384,8,1366.43
2026-08-15 19:33:21.560,2026-08-15 19:33:22.853,19,1174,16,512,256,8,1292.51
2026-08-15 19:33:22.914,2026-08-15 19:33:24.280,19,1175,32,256,128,8,1366.31
2026-08-15 19:33:24.341,2026-08-15 19:33:25.656,19,1176,32,512,198,8,1315.08
2026-08-15 19:33:25.717,2026-08-15 19:33:26.983,19,1177,32,512,384,8,1266.71
2026-08-15 19:33:27.046,2026-08-15 19:33:28.390,19,1178,32,512,128,8,1343.82
2026-08-15 19:33:28.452,2026-08-15 19:33:29.858,19,1179,16,128,198,8,1406.62
2026-08-15 19:33:29.914,2026-08-15 19:33:31.269,19,1180,64,128,198,8,1355.24
2026-08-15 19:33:31.329,2026-08-15 19:33:32.643,19,1181,16,1024,198,8,1313.88
2026-08-15 19:33:32.706,2026-08-15 19:33:33.983,19,1182,16,512,384,8,1277.12
2026-08-15 19:33:34.045,2026-08-15 19:33:35.463,19,1183,32,128,128,8,1418.04
2026-08-15 19:33:35.512,2026-08-15 19:33:36.860,19,1184,64,512,128,8,1347.89
2026-08-15 19:33:36.921,2026-08-15 19:33:38.199,19,1185,32,2048,198,8,1278.05
2026-08-15 19:33:38.262,2026-08-15 19:33:39.635,19,1186,32,128,256,8,1373.43
2026-08-15 19:33:39.696,2026-08-15 19:33:41.032,19,1187,64,1024,128,8,1335.44
2026-08-15 19:33:41.095,2026-08-15 19:33:42.410,19,1188,64,512,256,8,1314.36
2026-08-15 19:33:42.471,2026-08-15 19:33:43.745,19,1189,16,2048,256,8,1274.04
2026-08-15 19:33:43.808,2026-08-15 19:33:45.150,19,1190,16,256,256,8,1341.44
2026-08-15 19:33:45.211,2026-08-15 19:33:46.551,19,1191,16,512,128,8,1340.18
2026-08-15 19:33:46.610,2026-08-15 19:33:47.870,19,1192,64,2048,256,8,1259.64
2026-08-15 19:33:47.932,2026-08-15 19:33:49.276,19,1193,32,256,198,8,1343.52
2026-08-15 19:33:49.339,2026-08-15 19:33:50.677,19,1194,64,128,256,8,1338.88
2026-08-15 19:33:50.739,2026-08-15 19:33:52.071,19,1195,32,1024,128,8,1332.78
2026-08-15 19:33:52.134,2026-08-15 19:33:53.447,19,1196,64,2048,128,8,1312.71
2026-08-15 19:33:53.509,2026-08-15 19:33:54.820,19,1197,16,256,384,8,1310.25
2026-08-15 19:33:54.882,2026-08-15 19:33:56.238,19,1198,64,256,198,8,1355.98
2026-08-15 19:33:56.301,2026-08-15 19:33:57.597,19,1199,64,256,384,8,1295.85
2026-08-15 19:33:57.659,2026-08-15 19:33:58.974,19,1200,64,512,198,8,1314.95
2026-08-15 19:33:59.037,2026-08-15 19:34:00.408,20,1201,64,256,198,8,1370.78
2026-08-15 19:34:00.470,2026-08-15 19:34:01.791,20,1202,64,256,256,8,1321.56
2026-08-15 19:34:01.854,2026-08-15 19:34:03.180,20,1203,16,2048,128,8,1326.08
2026-08-15 19:34:03.243,2026-08-15 19:34:04.558,20,1204,64,512,198,8,1314.9
2026-08-15 19:34:04.620,2026-08-15 19:34:05.862,20,1205,16,1024,384,8,1242.36
2026-08-15 19:34:05.925,2026-08-15 19:34:07.206,20,1206,16,1024,198,8,1281.2
2026-08-15 19:34:07.269,2026-08-15 19:34:08.527,20,1207,32,512,256,8,1258.55
2026-08-15 19:34:08.589,2026-08-15 19:34:09.832,20,1208,32,2048,256,8,1243.4
2026-08-15 19:34:09.895,2026-08-15 19:34:11.164,20,1209,32,1024,198,8,1268.79
2026-08-15 19:34:11.226,2026-08-15 19:34:12.502,20,1210,16,512,198,8,1276.26
2026-08-15 19:34:12.564,2026-08-15 19:34:13.938,20,1211,16,128,256,8,1374.62
2026-08-15 19:34:14.001,2026-08-15 19:34:15.293,20,1212,64,1024,198,8,1292.52
2026-08-15 19:34:15.356,2026-08-15 19:34:16.648,20,1213,32,2048,128,8,1292.03
2026-08-15 19:34:16.710,2026-08-15 19:34:18.067,20,1214,32,256,198,8,1357.6
2026-08-15 19:34:18.128,2026-08-15 19:34:19.687,20,1215,16,128,128,8,1558.89
2026-08-15 19:34:19.735,2026-08-15 19:34:21.151,20,1216,16,128,198,8,1415.79
2026-08-15 19:34:21.209,2026-08-15 19:34:22.513,20,1217,64,1024,256,8,1303.39
2026-08-15 19:34:22.575,2026-08-15 19:34:23.907,20,1218,64,2048,128,8,1331.44
2026-08-15 19:34:23.970,2026-08-15 19:34:25.224,20,1219,64,2048,384,8,1254.84
2026-08-15 19:34:25.286,2026-08-15 19:34:26.704,20,1220,32,128,128,8,1417.98
2026-08-15 19:34:26.753,2026-08-15 19:34:28.114,20,1221,64,128,198,8,1360.78
2026-08-15 19:34:28.171,2026-08-15 19:34:29.454,20,1222,32,1024,256,8,1282.79
2026-08-15 19:34:29.516,2026-08-15 19:34:30.897,20,1223,16,256,198,8,1380.76
2026-08-15 19:34:30.960,2026-08-15 19:34:32.275,20,1224,32,512,198,8,1315.15
2026-08-15 19:34:32.338,2026-08-15 19:34:33.659,20,1225,16,256,256,8,1320.71
2026-08-15 19:34:33.719,2026-08-15 19:34:34.989,20,1226,16,2048,384,8,1269.99
2026-08-15 19:34:35.052,2026-08-15 19:34:36.400,20,1227,16,128,384,8,1348.05
2026-08-15 19:34:36.463,2026-08-15 19:34:37.821,20,1228,32,128,256,8,1358.44
2026-08-15 19:34:37.882,2026-08-15 19:34:39.212,20,1229,64,256,384,8,1329.44
2026-08-15 19:34:39.274,2026-08-15 19:34:40.547,20,1230,16,512,384,8,1272.16
2026-08-15 19:34:40.608,2026-08-15 19:34:42.003,20,1231,64,128,128,8,1395.19
2026-08-15 19:34:42.052,2026-08-15 19:34:43.425,20,1232,64,128,384,8,1372.91
2026-08-15 19:34:43.488,2026-08-15 19:34:44.833,20,1233,32,1024,128,8,1344.85
2026-08-15 19:34:44.896,2026-08-15 19:34:46.188,20,1234,32,512,384,8,1291.83
2026-08-15 19:34:46.250,2026-08-15 19:34:47.606,20,1235,32,256,128,8,1356.37
2026-08-15 19:34:47.668,2026-08-15 19:34:49.048,20,1236,16,256,128,8,1380.11
2026-08-15 19:34:49.107,2026-08-15 19:34:50.404,20,1237,64,512,256,8,1296.77
2026-08-15 19:34:50.467,2026-08-15 19:34:51.790,20,1238,64,1024,128,8,1322.87
2026-08-15 19:34:51.852,2026-08-15 19:34:53.186,20,1239,64,256,128,8,1333.65
2026-08-15 19:34:53.246,2026-08-15 19:34:54.586,20,1240,32,256,256,8,1339.6
2026-08-15 19:34:54.647,2026-08-15 19:34:55.928,20,1241,16,2048,198,8,1281.42
2026-08-15 19:34:55.991,2026-08-15 19:34:57.335,20,1242,64,128,256,8,1343.76
2026-08-15 19:34:57.397,2026-08-15 19:34:58.712,20,1243,16,512,256,8,1315.5
2026-08-15 19:34:58.774,2026-08-15 19:35:00.046,20,1244,64,512,384,8,1272.48
2026-08-15 19:35:00.109,2026-08-15 19:35:01.361,20,1245,64,1024,384,8,1252.33
2026-08-15 19:35:01.425,2026-08-15 19:35:02.670,20,1246,32,2048,384,8,1245.31
2026-08-15 19:35:02.733,2026-08-15 19:35:03.995,20,1247,16,256,384,8,1262.65
2026-08-15 19:35:04.057,2026-08-15 19:35:05.406,20,1248,32,128,384,8,1349.19
2026-08-15 19:35:05.469,2026-08-15 19:35:06.726,20,1249,16,2048,256,8,1257.08
2026-08-15 19:35:06.789,2026-08-15 19:35:08.139,20,1250,32,128,198,8,1350.1
2026-08-15 19:35:08.198,2026-08-15 19:35:09.478,20,1251,64,2048,256,8,1279.46
2026-08-15 19:35:09.540,2026-08-15 19:35:10.843,20,1252,16,1024,128,8,1303.07
2026-08-15 19:35:10.905,2026-08-15 19:35:12.216,20,1253,32,256,384,8,1310.73
2026-08-15 19:35:12.279,2026-08-15 19:35:13.642,20,1254,16,512,128,8,1363.63
2026-08-15 19:35:13.701,2026-08-15 19:35:14.963,20,1255,32,2048,198,8,1262.34
2026-08-15 19:35:15.026,2026-08-15 19:35:16.377,20,1256,32,512,128,8,1351.25
2026-08-15 19:35:16.438,2026-08-15 19:35:17.714,20,1257,64,2048,198,8,1276.88
2026-08-15 19:35:17.777,2026-08-15 19:35:19.113,20,1258,64,512,128,8,1336.36
2026-08-15 19:35:19.175,2026-08-15 19:35:20.427,20,1259,32,1024,384,8,1252
2026-08-15 19:35:20.490,2026-08-15 19:35:21.737,20,1260,16,1024,256,8,1247.2
2026-08-15 19:35:21.803,2026-08-15 19:35:23.163,21,1261,16,256,198,8,1359.63
2026-08-15 19:35:23.224,2026-08-15 19:35:24.471,21,1262,32,1024,384,8,1246.44
2026-08-15 19:35:24.532,2026-08-15 19:35:25.857,21,1263,64,512,128,8,1325
2026-08-15 19:35:25.920,2026-08-15 19:35:27.164,21,1264,32,2048,384,8,1243.58
2026-08-15 19:35:27.226,2026-08-15 19:35:28.511,21,1265,16,2048,128,8,1284.38
2026-08-15 19:35:28.572,2026-08-15 19:35:29.869,21,1266,32,2048,128,8,1296.48
2026-08-15 19:35:29.932,2026-08-15 19:35:31.207,21,1267,32,1024,198,8,1275.76
2026-08-15 19:35:31.270,2026-08-15 19:35:32.626,21,1268,32,128,384,8,1355.58
2026-08-15 19:35:32.688,2026-08-15 19:35:34.025,21,1269,64,256,128,8,1336.62
2026-08-15 19:35:34.086,2026-08-15 19:35:35.369,21,1270,16,512,384,8,1283.62
2026-08-15 19:35:35.431,2026-08-15 19:35:36.725,21,1271,16,256,384,8,1294.49
2026-08-15 19:35:36.788,2026-08-15 19:35:38.058,21,1272,16,2048,198,8,1270.35
2026-08-15 19:35:38.121,2026-08-15 19:35:39.481,21,1273,32,256,128,8,1360.42
2026-08-15 19:35:39.538,2026-08-15 19:35:40.771,21,1274,16,1024,384,8,1233.26
2026-08-15 19:35:40.836,2026-08-15 19:35:42.096,21,1275,64,1024,256,8,1259.82
2026-08-15 19:35:42.158,2026-08-15 19:35:43.404,21,1276,64,1024,384,8,1245.93
2026-08-15 19:35:43.467,2026-08-15 19:35:44.734,21,1277,64,512,198,8,1266.75
2026-08-15 19:35:44.795,2026-08-15 19:35:46.103,21,1278,32,256,256,8,1307.94
2026-08-15 19:35:46.165,2026-08-15 19:35:47.444,21,1279,64,2048,128,8,1279.07
2026-08-15 19:35:47.506,2026-08-15 19:35:48.805,21,1280,32,512,198,8,1299.16
2026-08-15 19:35:48.866,2026-08-15 19:35:50.198,21,1281,16,256,256,8,1331.26
2026-08-15 19:35:50.258,2026-08-15 19:35:51.545,21,1282,64,256,384,8,1286.58
2026-08-15 19:35:51.607,2026-08-15 19:35:52.968,21,1283,64,128,384,8,1360.7
2026-08-15 19:35:53.030,2026-08-15 19:35:54.318,21,1284,32,1024,256,8,1287.46
2026-08-15 19:35:54.380,2026-08-15 19:35:55.749,21,1285,16,128,256,8,1368.82
2026-08-15 19:35:55.811,2026-08-15 19:35:57.094,21,1286,16,1024,256,8,1282.88
2026-08-15 19:35:57.157,2026-08-15 19:35:58.552,21,1287,64,128,128,8,1394.94
2026-08-15 19:35:58.603,2026-08-15 19:35:59.877,21,1288,64,1024,198,8,1274.24
2026-08-15 19:35:59.940,2026-08-15 19:36:01.325,21,1289,32,128,256,8,1385.3
2026-08-15 19:36:01.388,2026-08-15 19:36:02.736,21,1290,64,256,198,8,1348.75
2026-08-15 19:36:02.799,2026-08-15 19:36:04.120,21,1291,32,256,384,8,1320.9
2026-08-15 19:36:04.182,2026-08-15 19:36:05.474,21,1292,64,2048,198,8,1291.92
2026-08-15 19:36:05.537,2026-08-15 19:36:06.833,21,1293,64,1024,128,8,1295.5
2026-08-15 19:36:06.895,2026-08-15 19:36:08.222,21,1294,64,256,256,8,1326.82
2026-08-15 19:36:08.285,2026-08-15 19:36:09.594,21,1295,16,512,198,8,1308.95
2026-08-15 19:36:09.655,2026-08-15 19:36:10.908,21,1296,32,512,384,8,1252.82
2026-08-15 19:36:10.970,2026-08-15 19:36:12.247,21,1297,16,1024,198,8,1276.02
2026-08-15 19:36:12.309,2026-08-15 19:36:13.716,21,1298,32,128,128,8,1406.64
2026-08-15 19:36:13.765,2026-08-15 19:36:15.101,21,1299,32,256,198,8,1335.93
2026-08-15 19:36:15.162,2026-08-15 19:36:16.490,21,1300,32,1024,128,8,1327.61
2026-08-15 19:36:16.552,2026-08-15 19:36:17.852,21,1301,32,512,256,8,1300.02
2026-08-15 19:36:17.914,2026-08-15 19:36:19.462,21,1302,16,128,128,8,1548.49
2026-08-15 19:36:19.511,2026-08-15 19:36:20.877,21,1303,16,128,384,8,1366.9
2026-08-15 19:36:20.944,2026-08-15 19:36:22.329,21,1304,16,512,128,8,1385.38
2026-08-15 19:36:22.389,2026-08-15 19:36:23.737,21,1305,32,512,128,8,1348.47
2026-08-15 19:36:23.799,2026-08-15 19:36:25.119,21,1306,16,512,256,8,1320.2
2026-08-15 19:36:25.182,2026-08-15 19:36:26.504,21,1307,16,1024,128,8,1321.95
2026-08-15 19:36:26.566,2026-08-15 19:36:27.837,21,1308,64,512,384,8,1270.97
2026-08-15 19:36:27.900,2026-08-15 19:36:29.159,21,1309,16,2048,256,8,1259.55
2026-08-15 19:36:29.222,2026-08-15 19:36:30.537,21,1310,64,128,198,8,1315.22
2026-08-15 19:36:30.595,2026-08-15 19:36:31.956,21,1311,64,128,256,8,1361.7
2026-08-15 19:36:32.019,2026-08-15 19:36:33.315,21,1312,64,2048,256,8,1295.63
2026-08-15 19:36:33.378,2026-08-15 19:36:34.731,21,1313,32,128,198,8,1353.12
2026-08-15 19:36:34.789,2026-08-15 19:36:36.220,21,1314,16,128,198,8,1430.61
2026-08-15 19:36:36.277,2026-08-15 19:36:37.563,21,1315,64,2048,384,8,1286.24
2026-08-15 19:36:37.625,2026-08-15 19:36:39.016,21,1316,16,256,128,8,1390.35
2026-08-15 19:36:39.074,2026-08-15 19:36:40.333,21,1317,16,2048,384,8,1258.92
2026-08-15 19:36:40.396,2026-08-15 19:36:41.692,21,1318,64,512,256,8,1296.27
2026-08-15 19:36:41.754,2026-08-15 19:36:42.997,21,1319,32,2048,256,8,1242.86
2026-08-15 19:36:43.059,2026-08-15 19:36:44.310,21,1320,32,2048,198,8,1251.61
2026-08-15 19:36:44.373,2026-08-15 19:36:45.660,22,1321,64,256,384,8,1287.1
2026-08-15 19:36:45.722,2026-08-15 19:36:47.012,22,1322,64,512,198,8,1290.21
2026-08-15 19:36:47.075,2026-08-15 19:36:48.331,22,1323,32,1024,256,8,1256.68
2026-08-15 19:36:48.394,2026-08-15 19:36:49.722,22,1324,32,256,128,8,1327.5
2026-08-15 19:36:49.782,2026-08-15 19:36:51.084,22,1325,16,512,198,8,1302.42
2026-08-15 19:36:51.144,2026-08-15 19:36:52.412,22,1326,16,2048,256,8,1267.49
2026-08-15 19:36:52.474,2026-08-15 19:36:53.752,22,1327,16,2048,128,8,1278
2026-08-15 19:36:53.814,2026-08-15 19:36:55.088,22,1328,64,1024,198,8,1274.14
2026-08-15 19:36:55.151,2026-08-15 19:36:56.494,22,1329,32,128,384,8,1343.03
2026-08-15 19:36:56.556,2026-08-15 19:36:57.813,22,1330,64,1024,384,8,1257.03
2026-08-15 19:36:57.876,2026-08-15 19:36:59.191,22,1331,16,1024,128,8,1315.28
2026-08-15 19:36:59.254,2026-08-15 19:37:00.602,22,1332,16,128,384,8,1348.19
2026-08-15 19:37:00.664,2026-08-15 19:37:01.971,22,1333,64,512,256,8,1306.82
2026-08-15 19:37:02.033,2026-08-15 19:37:03.359,22,1334,64,1024,128,8,1325.37
2026-08-15 19:37:03.421,2026-08-15 19:37:04.712,22,1335,32,256,384,8,1291.36
2026-08-15 19:37:04.775,2026-08-15 19:37:06.030,22,1336,32,1024,384,8,1254.84
2026-08-15 19:37:06.092,2026-08-15 19:37:07.363,22,1337,32,2048,198,8,1270.57
2026-08-15 19:37:07.425,2026-08-15 19:37:08.649,22,1338,32,2048,384,8,1223.45
2026-08-15 19:37:08.711,2026-08-15 19:37:09.964,22,1339,16,512,384,8,1252.86
2026-08-15 19:37:10.027,2026-08-15 19:37:11.304,22,1340,64,256,256,8,1277.53
2026-08-15 19:37:11.366,2026-08-15 19:37:12.618,22,1341,64,2048,198,8,1252.32
2026-08-15 19:37:12.681,2026-08-15 19:37:14.065,22,1342,16,128,256,8,1384.23
2026-08-15 19:37:14.125,2026-08-15 19:37:15.405,22,1343,16,512,256,8,1279.59
2026-08-15 19:37:15.468,2026-08-15 19:37:16.831,22,1344,32,128,256,8,1362.88
2026-08-15 19:37:16.894,2026-08-15 19:37:18.256,22,1345,32,512,128,8,1362.28
2026-08-15 19:37:18.318,2026-08-15 19:37:19.663,22,1346,32,256,198,8,1345.09
2026-08-15 19:37:19.725,2026-08-15 19:37:21.006,22,1347,16,1024,384,8,1280.31
2026-08-15 19:37:21.073,2026-08-15 19:37:22.359,22,1348,16,256,384,8,1286.78
2026-08-15 19:37:22.422,2026-08-15 19:37:23.684,22,1349,16,2048,198,8,1261.66
2026-08-15 19:37:23.746,2026-08-15 19:37:25.099,22,1350,64,256,128,8,1352.18
2026-08-15 19:37:25.157,2026-08-15 19:37:26.526,22,1351,16,256,128,8,1368.99
2026-08-15 19:37:26.585,2026-08-15 19:37:27.947,22,1352,64,128,198,8,1362.2
2026-08-15 19:37:28.005,2026-08-15 19:37:29.307,22,1353,32,1024,198,8,1302.32
2026-08-15 19:37:29.370,2026-08-15 19:37:30.738,22,1354,64,128,384,8,1368.16
2026-08-15 19:37:30.800,2026-08-15 19:37:32.182,22,1355,16,512,128,8,1381.43
2026-08-15 19:37:32.241,2026-08-15 19:37:33.669,22,1356,32,128,128,8,1428.29
2026-08-15 19:37:33.721,2026-08-15 19:37:35.006,22,1357,32,512,384,8,1284.44
2026-08-15 19:37:35.069,2026-08-15 19:37:36.384,22,1358,64,2048,128,8,1315.29
2026-08-15 19:37:36.447,2026-08-15 19:37:37.869,22,1359,16,128,198,8,1422.78
2026-08-15 19:37:37.927,2026-08-15 19:37:39.258,22,1360,16,256,256,8,1330.65
2026-08-15 19:37:39.319,2026-08-15 19:37:40.604,22,1361,64,2048,256,8,1285.64
2026-08-15 19:37:40.667,2026-08-15 19:37:42.039,22,1362,16,256,198,8,1372.38
2026-08-15 19:37:42.100,2026-08-15 19:37:43.457,22,1363,32,128,198,8,1356.53
2026-08-15 19:37:43.515,2026-08-15 19:37:44.916,22,1364,64,128,128,8,1400.79
2026-08-15 19:37:44.973,2026-08-15 19:37:46.552,22,1365,16,128,128,8,1578.6
2026-08-15 19:37:46.601,2026-08-15 19:37:48.001,22,1366,64,128,256,8,1400.49
2026-08-15 19:37:48.063,2026-08-15 19:37:49.369,22,1367,16,1024,256,8,1305.32
2026-08-15 19:37:49.432,2026-08-15 19:37:50.707,22,1368,16,2048,384,8,1275.09
2026-08-15 19:37:50.769,2026-08-15 19:37:52.072,22,1369,32,1024,128,8,1302.91
2026-08-15 19:37:52.134,2026-08-15 19:37:53.428,22,1370,32,2048,128,8,1294.1
2026-08-15 19:37:53.491,2026-08-15 19:37:54.737,22,1371,64,2048,384,8,1246.21
2026-08-15 19:37:54.799,2026-08-15 19:37:56.082,22,1372,32,512,198,8,1283.08
2026-08-15 19:37:56.145,2026-08-15 19:37:57.474,22,1373,64,256,198,8,1329.37
2026-08-15 19:37:57.537,2026-08-15 19:37:58.799,22,1374,32,2048,256,8,1262.22
2026-08-15 19:37:58.862,2026-08-15 19:38:00.185,22,1375,64,512,128,8,1322.49
2026-08-15 19:38:00.246,2026-08-15 19:38:01.513,22,1376,64,1024,256,8,1266.69
2026-08-15 19:38:01.576,2026-08-15 19:38:02.842,22,1377,64,512,384,8,1265.67
2026-08-15 19:38:02.905,2026-08-15 19:38:04.170,22,1378,32,512,256,8,1264.64
2026-08-15 19:38:04.232,2026-08-15 19:38:05.493,22,1379,16,1024,198,8,1260.92
2026-08-15 19:38:05.556,2026-08-15 19:38:06.853,22,1380,32,256,256,8,1297.21
2026-08-15 19:38:06.916,2026-08-15 19:38:08.200,23,1381,64,1024,198,8,1284.46
2026-08-15 19:38:08.263,2026-08-15 19:38:09.575,23,1382,64,256,256,8,1312.31
2026-08-15 19:38:09.638,2026-08-15 19:38:10.972,23,1383,32,512,128,8,1333.83
2026-08-15 19:38:11.034,2026-08-15 19:38:12.420,23,1384,16,256,128,8,1385.58
2026-08-15 19:38:12.479,2026-08-15 19:38:13.795,23,1385,16,2048,128,8,1316.94
2026-08-15 19:38:13.858,2026-08-15 19:38:15.223,23,1386,16,128,384,8,1365.66
2026-08-15 19:38:15.286,2026-08-15 19:38:16.609,23,1387,32,2048,128,8,1323.36
2026-08-15 19:38:16.672,2026-08-15 19:38:18.246,23,1388,16,128,128,8,1573.94
2026-08-15 19:38:18.294,2026-08-15 19:38:19.637,23,1389,64,512,128,8,1342.84
2026-08-15 19:38:19.699,2026-08-15 19:38:21.119,23,1390,16,128,256,8,1420.35
2026-08-15 19:38:21.185,2026-08-15 19:38:22.474,23,1391,64,2048,384,8,1289.81
2026-08-15 19:38:22.537,2026-08-15 19:38:23.848,23,1392,64,512,256,8,1311.03
2026-08-15 19:38:23.911,2026-08-15 19:38:25.261,23,1393,16,2048,384,8,1349.66
2026-08-15 19:38:25.324,2026-08-15 19:38:26.634,23,1394,16,512,198,8,1309.93
2026-08-15 19:38:26.695,2026-08-15 19:38:28.038,23,1395,32,128,256,8,1342.73
2026-08-15 19:38:28.099,2026-08-15 19:38:29.472,23,1396,32,128,198,8,1372.33
2026-08-15 19:38:29.530,2026-08-15 19:38:30.809,23,1397,64,1024,384,8,1279.24
2026-08-15 19:38:30.872,2026-08-15 19:38:32.172,23,1398,16,512,256,8,1300.83
2026-08-15 19:38:32.234,2026-08-15 19:38:33.538,23,1399,32,512,198,8,1304.58
2026-08-15 19:38:33.599,2026-08-15 19:38:34.949,23,1400,32,128,384,8,1349.76
2026-08-15 19:38:35.012,2026-08-15 19:38:36.275,23,1401,16,1024,384,8,1263.4
2026-08-15 19:38:36.338,2026-08-15 19:38:37.626,23,1402,32,512,256,8,1287.64
2026-08-15 19:38:37.687,2026-08-15 19:38:39.088,23,1403,16,128,198,8,1400.24
2026-08-15 19:38:39.145,2026-08-15 19:38:40.421,23,1404,32,1024,256,8,1275.24
2026-08-15 19:38:40.483,2026-08-15 19:38:41.766,23,1405,16,1024,256,8,1283
2026-08-15 19:38:41.832,2026-08-15 19:38:43.232,23,1406,32,128,128,8,1400.89
2026-08-15 19:38:43.282,2026-08-15 19:38:44.549,23,1407,32,2048,256,8,1267.9
2026-08-15 19:38:44.611,2026-08-15 19:38:45.971,23,1408,64,256,128,8,1360.07
2026-08-15 19:38:46.032,2026-08-15 19:38:47.336,23,1409,32,1024,128,8,1303.44
2026-08-15 19:38:47.399,2026-08-15 19:38:48.687,23,1410,32,2048,198,8,1288.46
2026-08-15 19:38:48.749,2026-08-15 19:38:50.092,23,1411,32,256,198,8,1342.4
2026-08-15 19:38:50.154,2026-08-15 19:38:51.455,23,1412,16,256,384,8,1300.3
2026-08-15 19:38:51.518,2026-08-15 19:38:52.887,23,1413,16,256,198,8,1369.07
2026-08-15 19:38:52.947,2026-08-15 19:38:54.264,23,1414,32,256,256,8,1317.49
2026-08-15 19:38:54.327,2026-08-15 19:38:55.619,23,1415,64,1024,256,8,1291.59
2026-08-15 19:38:55.681,2026-08-15 19:38:56.968,23,1416,16,1024,198,8,1286.54
2026-08-15 19:38:57.032,2026-08-15 19:38:58.358,23,1417,64,256,198,8,1326.09
2026-08-15 19:38:58.419,2026-08-15 19:38:59.703,23,1418,64,512,384,8,1284
2026-08-15 19:38:59.764,2026-08-15 19:39:01.064,23,1419,64,256,384,8,1299.04
2026-08-15 19:39:01.130,2026-08-15 19:39:02.413,23,1420,64,2048,128,8,1283.61
2026-08-15 19:39:02.476,2026-08-15 19:39:03.834,23,1421,32,256,128,8,1358.22
2026-08-15 19:39:03.896,2026-08-15 19:39:05.214,23,1422,16,1024,128,8,1317.72
2026-08-15 19:39:05.276,2026-08-15 19:39:06.593,23,1423,64,1024,128,8,1316.96
2026-08-15 19:39:06.656,2026-08-15 19:39:08.023,23,1424,64,128,384,8,1367.56
2026-08-15 19:39:08.086,2026-08-15 19:39:09.458,23,1425,64,128,256,8,1372.75
2026-08-15 19:39:09.522,2026-08-15 19:39:10.818,23,1426,32,512,384,8,1295.88
2026-08-15 19:39:10.880,2026-08-15 19:39:12.164,23,1427,16,2048,198,8,1283.52
2026-08-15 19:39:12.225,2026-08-15 19:39:13.529,23,1428,64,512,198,8,1303.97
2026-08-15 19:39:13.590,2026-08-15 19:39:14.975,23,1429,64,128,128,8,1384.96
2026-08-15 19:39:15.024,2026-08-15 19:39:16.296,23,1430,64,2048,256,8,1271.36
2026-08-15 19:39:16.358,2026-08-15 19:39:17.707,23,1431,64,128,198,8,1348.84
2026-08-15 19:39:17.765,2026-08-15 19:39:19.044,23,1432,16,2048,256,8,1279.07
2026-08-15 19:39:19.107,2026-08-15 19:39:20.371,23,1433,32,1024,384,8,1264.38
2026-08-15 19:39:20.434,2026-08-15 19:39:21.784,23,1434,16,512,128,8,1350.13
2026-08-15 19:39:21.845,2026-08-15 19:39:23.117,23,1435,64,2048,198,8,1272.43
2026-08-15 19:39:23.180,2026-08-15 19:39:24.439,23,1436,32,2048,384,8,1259.17
2026-08-15 19:39:24.502,2026-08-15 19:39:25.750,23,1437,16,512,384,8,1247.92
2026-08-15 19:39:25.812,2026-08-15 19:39:27.129,23,1438,16,256,256,8,1316.53
2026-08-15 19:39:27.191,2026-08-15 19:39:28.447,23,1439,32,1024,198,8,1255.64
2026-08-15 19:39:28.509,2026-08-15 19:39:29.803,23,1440,32,256,384,8,1293.9
2026-08-15 19:39:29.865,2026-08-15 19:39:31.224,24,1441,64,128,256,8,1358.2
2026-08-15 19:39:31.286,2026-08-15 19:39:32.568,24,1442,64,1024,198,8,1282.12
2026-08-15 19:39:32.631,2026-08-15 19:39:34.006,24,1443,32,128,256,8,1375.29
2026-08-15 19:39:34.068,2026-08-15 19:39:35.449,24,1444,64,128,384,8,1380.84
2026-08-15 19:39:35.510,2026-08-15 19:39:36.846,24,1445,32,256,256,8,1335.73
2026-08-15 19:39:36.909,2026-08-15 19:39:38.308,24,1446,16,512,128,8,1399.3
2026-08-15 19:39:38.369,2026-08-15 19:39:39.728,24,1447,32,256,198,8,1359.01
2026-08-15 19:39:39.790,2026-08-15 19:39:41.178,24,1448,16,128,384,8,1387.1
2026-08-15 19:39:41.243,2026-08-15 19:39:42.576,24,1449,64,512,198,8,1333.19
2026-08-15 19:39:42.639,2026-08-15 19:39:43.986,24,1450,16,512,198,8,1346.57
2026-08-15 19:39:44.047,2026-08-15 19:39:45.335,24,1451,64,512,256,8,1287.7
2026-08-15 19:39:45.396,2026-08-15 19:39:46.719,24,1452,32,1024,128,8,1322.54
2026-08-15 19:39:46.781,2026-08-15 19:39:48.066,24,1453,16,512,256,8,1285.04
2026-08-15 19:39:48.126,2026-08-15 19:39:49.469,24,1454,32,512,128,8,1342.41
2026-08-15 19:39:49.531,2026-08-15 19:39:50.918,24,1455,16,128,256,8,1387.42
2026-08-15 19:39:50.981,2026-08-15 19:39:52.250,24,1456,64,2048,256,8,1269.02
2026-08-15 19:39:52.313,2026-08-15 19:39:53.587,24,1457,16,512,384,8,1274.5
2026-08-15 19:39:53.648,2026-08-15 19:39:54.997,24,1458,64,128,198,8,1348.98
2026-08-15 19:39:55.056,2026-08-15 19:39:56.348,24,1459,32,256,384,8,1292.73
2026-08-15 19:39:56.411,2026-08-15 19:39:57.727,24,1460,32,512,198,8,1315.89
2026-08-15 19:39:57.789,2026-08-15 19:39:59.055,24,1461,16,2048,384,8,1265.8
2026-08-15 19:39:59.118,2026-08-15 19:40:00.353,24,1462,32,1024,384,8,1234.67
2026-08-15 19:40:00.415,2026-08-15 19:40:01.650,24,1463,64,1024,384,8,1234.59
2026-08-15 19:40:01.713,2026-08-15 19:40:02.947,24,1464,32,1024,256,8,1233.72
2026-08-15 19:40:03.009,2026-08-15 19:40:04.241,24,1465,32,2048,256,8,1231.52
2026-08-15 19:40:04.304,2026-08-15 19:40:05.579,24,1466,16,256,384,8,1275.23
2026-08-15 19:40:05.641,2026-08-15 19:40:06.860,24,1467,64,2048,384,8,1218.79
2026-08-15 19:40:06.923,2026-08-15 19:40:08.293,24,1468,16,256,128,8,1369.68
2026-08-15 19:40:08.347,2026-08-15 19:40:09.669,24,1469,16,256,198,8,1322.21
2026-08-15 19:40:09.731,2026-08-15 19:40:11.002,24,1470,64,512,384,8,1271.4
2026-08-15 19:40:11.065,2026-08-15 19:40:12.348,24,1471,32,1024,198,8,1283.51
2026-08-15 19:40:12.411,2026-08-15 19:40:13.678,24,1472,32,512,256,8,1266.92
2026-08-15 19:40:13.740,2026-08-15 19:40:15.098,24,1473,32,128,198,8,1357.29
2026-08-15 19:40:15.156,2026-08-15 19:40:16.574,24,1474,16,128,198,8,1418.74
2026-08-15 19:40:16.630,2026-08-15 19:40:17.913,24,1475,32,512,384,8,1282.8
2026-08-15 19:40:17.975,2026-08-15 19:40:19.308,24,1476,16,1024,128,8,1332.91
2026-08-15 19:40:19.371,2026-08-15 19:40:20.700,24,1477,64,256,256,8,1329.05
2026-08-15 19:40:20.761,2026-08-15 19:40:22.016,24,1478,16,2048,256,8,1254.85
2026-08-15 19:40:22.082,2026-08-15 19:40:23.350,24,1479,64,1024,256,8,1268.01
2026-08-15 19:40:23.413,2026-08-15 19:40:24.656,24,1480,16,2048,198,8,1243.04
2026-08-15 19:40:24.718,2026-08-15 19:40:25.979,24,1481,16,1024,198,8,1260.35
2026-08-15 19:40:26.041,2026-08-15 19:40:27.381,24,1482,64,256,128,8,1339.47
2026-08-15 19:40:27.439,2026-08-15 19:40:28.767,24,1483,32,128,384,8,1328.38
2026-08-15 19:40:28.829,2026-08-15 19:40:30.193,24,1484,64,256,198,8,1363.78
2026-08-15 19:40:30.256,2026-08-15 19:40:31.627,24,1485,32,256,128,8,1371.03
2026-08-15 19:40:31.687,2026-08-15 19:40:33.019,24,1486,16,256,256,8,1331.73
2026-08-15 19:40:33.081,2026-08-15 19:40:34.359,24,1487,16,1024,384,8,1278.04
2026-08-15 19:40:34.422,2026-08-15 19:40:35.749,24,1488,64,512,128,8,1327.24
2026-08-15 19:40:35.812,2026-08-15 19:40:37.195,24,1489,64,128,128,8,1382.77
2026-08-15 19:40:37.244,2026-08-15 19:40:38.576,24,1490,64,1024,128,8,1332.13
2026-08-15 19:40:38.638,2026-08-15 19:40:40.052,24,1491,32,128,128,8,1414.07
2026-08-15 19:40:40.104,2026-08-15 19:40:41.407,24,1492,64,2048,198,8,1303.09
2026-08-15 19:40:41.473,2026-08-15 19:40:42.758,24,1493,32,2048,198,8,1285.56
2026-08-15 19:40:42.821,2026-08-15 19:40:44.122,24,1494,16,2048,128,8,1301.27
2026-08-15 19:40:44.185,2026-08-15 19:40:45.734,24,1495,16,128,128,8,1549.72
2026-08-15 19:40:45.782,2026-08-15 19:40:47.088,24,1496,64,256,384,8,1305.54
2026-08-15 19:40:47.150,2026-08-15 19:40:48.427,24,1497,16,1024,256,8,1276.93
2026-08-15 19:40:48.490,2026-08-15 19:40:49.793,24,1498,64,2048,128,8,1302.72
2026-08-15 19:40:49.855,2026-08-15 19:40:51.154,24,1499,32,2048,128,8,1298.83
2026-08-15 19:40:51.217,2026-08-15 19:40:52.464,24,1500,32,2048,384,8,1247.43
2026-08-15 19:40:52.526,2026-08-15 19:40:53.846,25,1501,32,256,256,8,1320.64
2026-08-15 19:40:53.907,2026-08-15 19:40:55.247,25,1502,32,256,198,8,1340.06
2026-08-15 19:40:55.310,2026-08-15 19:40:56.652,25,1503,64,128,198,8,1341.41
2026-08-15 19:40:56.710,2026-08-15 19:40:57.988,25,1504,64,2048,384,8,1277.96
2026-08-15 19:40:58.050,2026-08-15 19:40:59.333,25,1505,32,1024,198,8,1283
2026-08-15 19:40:59.396,2026-08-15 19:41:00.811,25,1506,32,128,128,8,1414.6
2026-08-15 19:41:00.861,2026-08-15 19:41:02.150,25,1507,64,512,384,8,1288.77
2026-08-15 19:41:02.212,2026-08-15 19:41:03.465,25,1508,32,2048,256,8,1253.6
2026-08-15 19:41:03.528,2026-08-15 19:41:04.870,25,1509,64,256,128,8,1342.69
2026-08-15 19:41:04.928,2026-08-15 19:41:06.241,25,1510,16,512,198,8,1312.84
2026-08-15 19:41:06.303,2026-08-15 19:41:07.582,25,1511,16,512,256,8,1279.51
2026-08-15 19:41:07.644,2026-08-15 19:41:08.916,25,1512,16,1024,256,8,1271.86
2026-08-15 19:41:08.979,2026-08-15 19:41:10.269,25,1513,64,2048,128,8,1290.17
2026-08-15 19:41:10.332,2026-08-15 19:41:11.587,25,1514,64,2048,198,8,1254.68
2026-08-15 19:41:11.648,2026-08-15 19:41:13.005,25,1515,64,128,384,8,1356.48
2026-08-15 19:41:13.066,2026-08-15 19:41:14.324,25,1516,32,1024,256,8,1257.69
2026-08-15 19:41:14.386,2026-08-15 19:41:15.682,25,1517,64,512,256,8,1295.63
2026-08-15 19:41:15.743,2026-08-15 19:41:17.093,25,1518,32,256,128,8,1349.7
2026-08-15 19:41:17.152,2026-08-15 19:41:18.503,25,1519,16,128,384,8,1350.85
2026-08-15 19:41:18.566,2026-08-15 19:41:19.975,25,1520,16,256,128,8,1409.07
2026-08-15 19:41:20.033,2026-08-15 19:41:21.321,25,1521,32,512,384,8,1287.62
2026-08-15 19:41:21.386,2026-08-15 19:41:22.681,25,1522,32,256,384,8,1294.78
2026-08-15 19:41:22.743,2026-08-15 19:41:24.088,25,1523,32,512,128,8,1345.3
2026-08-15 19:41:24.150,2026-08-15 19:41:25.465,25,1524,32,512,198,8,1315.25
2026-08-15 19:41:25.527,2026-08-15 19:41:26.794,25,1525,32,2048,198,8,1267.19
2026-08-15 19:41:26.857,2026-08-15 19:41:28.198,25,1526,64,512,128,8,1341.1
2026-08-15 19:41:28.259,2026-08-15 19:41:29.556,25,1527,64,512,198,8,1296.73
2026-08-15 19:41:29.618,2026-08-15 19:41:30.974,25,1528,32,128,384,8,1355.81
2026-08-15 19:41:31.037,2026-08-15 19:41:32.450,25,1529,64,128,128,8,1413.31
2026-08-15 19:41:32.506,2026-08-15 19:41:33.878,25,1530,16,512,128,8,1372.83
2026-08-15 19:41:33.941,2026-08-15 19:41:35.278,25,1531,64,1024,128,8,1337.05
2026-08-15 19:41:35.340,2026-08-15 19:41:36.682,25,1532,16,1024,128,8,1341.53
2026-08-15 19:41:36.745,2026-08-15 19:41:38.105,25,1533,32,128,198,8,1360.55
2026-08-15 19:41:38.162,2026-08-15 19:41:39.476,25,1534,16,1024,198,8,1314.21
2026-08-15 19:41:39.539,2026-08-15 19:41:40.911,25,1535,16,256,198,8,1371.43
2026-08-15 19:41:40.977,2026-08-15 19:41:42.277,25,1536,16,256,384,8,1300.35
2026-08-15 19:41:42.339,2026-08-15 19:41:43.624,25,1537,16,2048,256,8,1284.79
2026-08-15 19:41:43.686,2026-08-15 19:41:45.064,25,1538,16,128,256,8,1377.68
2026-08-15 19:41:45.125,2026-08-15 19:41:46.538,25,1539,16,128,198,8,1412.53
2026-08-15 19:41:46.595,2026-08-15 19:41:48.178,25,1540,16,128,128,8,1583.41
2026-08-15 19:41:48.227,2026-08-15 19:41:49.521,25,1541,64,2048,256,8,1294.01
2026-08-15 19:41:49.584,2026-08-15 19:41:50.851,25,1542,16,2048,384,8,1267.25
2026-08-15 19:41:50.914,2026-08-15 19:41:52.180,25,1543,16,512,384,8,1266.3
2026-08-15 19:41:52.242,2026-08-15 19:41:53.586,25,1544,32,128,256,8,1343.3
2026-08-15 19:41:53.648,2026-08-15 19:41:54.968,25,1545,64,256,256,8,1320.74
2026-08-15 19:41:55.030,2026-08-15 19:41:56.352,25,1546,32,1024,128,8,1322.48
2026-08-15 19:41:56.415,2026-08-15 19:41:57.723,25,1547,32,512,256,8,1307.72
2026-08-15 19:41:57.785,2026-08-15 19:41:59.075,25,1548,64,256,384,8,1290.13
2026-08-15 19:41:59.138,2026-08-15 19:42:00.404,25,1549,32,2048,384,8,1265.85
2026-08-15 19:42:00.466,2026-08-15 19:42:01.713,25,1550,64,1024,256,8,1246.25
2026-08-15 19:42:01.779,2026-08-15 19:42:03.104,25,1551,64,256,198,8,1325.46
2026-08-15 19:42:03.166,2026-08-15 19:42:04.447,25,1552,64,1024,198,8,1281.68
2026-08-15 19:42:04.510,2026-08-15 19:42:05.739,25,1553,32,1024,384,8,1228.51
2026-08-15 19:42:05.801,2026-08-15 19:42:07.148,25,1554,64,128,256,8,1346.75
2026-08-15 19:42:07.208,2026-08-15 19:42:08.531,25,1555,16,256,256,8,1322.42
2026-08-15 19:42:08.593,2026-08-15 19:42:09.888,25,1556,16,2048,128,8,1294.75
2026-08-15 19:42:09.951,2026-08-15 19:42:11.218,25,1557,16,1024,384,8,1266.85
2026-08-15 19:42:11.280,2026-08-15 19:42:12.529,25,1558,16,2048,198,8,1248.67
2026-08-15 19:42:12.591,2026-08-15 19:42:13.878,25,1559,32,2048,128,8,1286.89
2026-08-15 19:42:13.941,2026-08-15 19:42:15.188,25,1560,64,1024,384,8,1246.7
2026-08-15 19:42:15.251,2026-08-15 19:42:16.509,26,1561,64,1024,198,8,1258.27
2026-08-15 19:42:16.571,2026-08-15 19:42:17.918,26,1562,64,128,256,8,1346.86
2026-08-15 19:42:17.978,2026-08-15 19:42:19.316,26,1563,32,256,198,8,1338.52
2026-08-15 19:42:19.377,2026-08-15 19:42:20.665,26,1564,32,512,256,8,1287.74
2026-08-15 19:42:20.727,2026-08-15 19:42:22.103,26,1565,16,128,384,8,1376.83
2026-08-15 19:42:22.166,2026-08-15 19:42:23.469,26,1566,32,2048,128,8,1303.2
2026-08-15 19:42:23.532,2026-08-15 19:42:24.865,26,1567,64,1024,128,8,1333.04
2026-08-15 19:42:24.928,2026-08-15 19:42:26.328,26,1568,16,128,256,8,1399.24
2026-08-15 19:42:26.389,2026-08-15 19:42:27.655,26,1569,32,2048,256,8,1266.07
2026-08-15 19:42:27.717,2026-08-15 19:42:29.087,26,1570,32,128,256,8,1369.54
2026-08-15 19:42:29.148,2026-08-15 19:42:30.475,26,1571,16,1024,128,8,1326.67
2026-08-15 19:42:30.538,2026-08-15 19:42:31.801,26,1572,16,2048,256,8,1263.25
2026-08-15 19:42:31.864,2026-08-15 19:42:33.126,26,1573,16,512,384,8,1262.7
2026-08-15 19:42:33.188,2026-08-15 19:42:34.459,26,1574,16,512,256,8,1271.16
2026-08-15 19:42:34.521,2026-08-15 19:42:35.850,26,1575,32,128,384,8,1328.61
2026-08-15 19:42:35.912,2026-08-15 19:42:37.188,26,1576,32,1024,198,8,1276.91
2026-08-15 19:42:37.250,2026-08-15 19:42:38.514,26,1577,32,2048,198,8,1263.97
2026-08-15 19:42:38.577,2026-08-15 19:42:39.859,26,1578,32,256,384,8,1281.46
2026-08-15 19:42:39.921,2026-08-15 19:42:41.207,26,1579,16,256,384,8,1286.07
2026-08-15 19:42:41.274,2026-08-15 19:42:42.524,26,1580,32,1024,256,8,1250.08
2026-08-15 19:42:42.586,2026-08-15 19:42:43.829,26,1581,32,1024,384,8,1242.79
2026-08-15 19:42:43.892,2026-08-15 19:42:45.294,26,1582,32,128,128,8,1401.85
2026-08-15 19:42:45.342,2026-08-15 19:42:46.640,26,1583,32,256,256,8,1297.59
2026-08-15 19:42:46.702,2026-08-15 19:42:48.127,26,1584,16,128,198,8,1424.39
2026-08-15 19:42:48.183,2026-08-15 19:42:49.560,26,1585,16,256,198,8,1377.07
2026-08-15 19:42:49.621,2026-08-15 19:42:50.905,26,1586,64,2048,198,8,1284.26
2026-08-15 19:42:50.968,2026-08-15 19:42:52.535,26,1587,16,128,128,8,1567.43
2026-08-15 19:42:52.584,2026-08-15 19:42:53.977,26,1588,16,256,128,8,1393.24
2026-08-15 19:42:54.039,2026-08-15 19:42:55.308,26,1589,16,2048,384,8,1268.63
2026-08-15 19:42:55.370,2026-08-15 19:42:56.675,26,1590,64,512,198,8,1304.47
2026-08-15 19:42:56.737,2026-08-15 19:42:58.091,26,1591,64,128,384,8,1354.2
2026-08-15 19:42:58.154,2026-08-15 19:42:59.511,26,1592,64,256,128,8,1357.5
2026-08-15 19:42:59.572,2026-08-15 19:43:00.942,26,1593,64,512,128,8,1369.93
2026-08-15 19:43:01.007,2026-08-15 19:43:02.283,26,1594,16,2048,198,8,1275.77
2026-08-15 19:43:02.346,2026-08-15 19:43:03.683,26,1595,16,256,256,8,1336.76
2026-08-15 19:43:03.745,2026-08-15 19:43:05.041,26,1596,64,512,256,8,1295.22
2026-08-15 19:43:05.102,2026-08-15 19:43:06.398,26,1597,16,2048,128,8,1295.46
2026-08-15 19:43:06.460,2026-08-15 19:43:07.711,26,1598,64,2048,384,8,1250.9
2026-08-15 19:43:07.773,2026-08-15 19:43:09.117,26,1599,64,128,198,8,1344.13
2026-08-15 19:43:09.174,2026-08-15 19:43:10.433,26,1600,32,512,384,8,1259.64
2026-08-15 19:43:10.496,2026-08-15 19:43:11.800,26,1601,64,256,384,8,1303.97
2026-08-15 19:43:11.863,2026-08-15 19:43:13.155,26,1602,64,2048,128,8,1292.76
2026-08-15 19:43:13.218,2026-08-15 19:43:14.559,26,1603,64,256,198,8,1341.25
2026-08-15 19:43:14.622,2026-08-15 19:43:15.891,26,1604,64,1024,384,8,1268.77
2026-08-15 19:43:15.953,2026-08-15 19:43:17.202,26,1605,64,2048,256,8,1248.18
2026-08-15 19:43:17.264,2026-08-15 19:43:18.530,26,1606,64,512,384,8,1266.27
2026-08-15 19:43:18.591,2026-08-15 19:43:19.937,26,1607,32,128,198,8,1346.09
2026-08-15 19:43:19.994,2026-08-15 19:43:21.295,26,1608,32,512,198,8,1300.65
2026-08-15 19:43:21.359,2026-08-15 19:43:22.650,26,1609,16,1024,198,8,1291.55
2026-08-15 19:43:22.713,2026-08-15 19:43:24.058,26,1610,32,512,128,8,1345.5
2026-08-15 19:43:24.119,2026-08-15 19:43:25.424,26,1611,32,1024,128,8,1304.23
2026-08-15 19:43:25.486,2026-08-15 19:43:26.824,26,1612,64,256,256,8,1337.96
2026-08-15 19:43:26.887,2026-08-15 19:43:28.240,26,1613,32,256,128,8,1353.84
2026-08-15 19:43:28.303,2026-08-15 19:43:29.579,26,1614,64,1024,256,8,1276.45
2026-08-15 19:43:29.642,2026-08-15 19:43:31.016,26,1615,16,512,128,8,1374.09
2026-08-15 19:43:31.077,2026-08-15 19:43:32.316,26,1616,32,2048,384,8,1239.23
2026-08-15 19:43:32.379,2026-08-15 19:43:33.636,26,1617,16,1024,256,8,1257.13
2026-08-15 19:43:33.698,2026-08-15 19:43:34.993,26,1618,16,512,198,8,1295.01
2026-08-15 19:43:35.054,2026-08-15 19:43:36.415,26,1619,64,128,128,8,1360.95
2026-08-15 19:43:36.464,2026-08-15 19:43:37.722,26,1620,16,1024,384,8,1258.64
2026-08-15 19:43:37.785,2026-08-15 19:43:39.210,27,1621,16,128,198,8,1424.56
2026-08-15 19:43:39.265,2026-08-15 19:43:40.518,27,1622,32,2048,384,8,1253.41
2026-08-15 19:43:40.581,2026-08-15 19:43:41.919,27,1623,16,256,256,8,1338.46
2026-08-15 19:43:41.982,2026-08-15 19:43:43.258,27,1624,32,1024,198,8,1276.15
2026-08-15 19:43:43.320,2026-08-15 19:43:44.579,27,1625,16,1024,384,8,1258.29
2026-08-15 19:43:44.641,2026-08-15 19:43:45.922,27,1626,32,256,384,8,1281.4
2026-08-15 19:43:45.984,2026-08-15 19:43:47.259,27,1627,64,256,384,8,1274.73
2026-08-15 19:43:47.320,2026-08-15 19:43:48.578,27,1628,64,1024,384,8,1258
2026-08-15 19:43:48.641,2026-08-15 19:43:49.892,27,1629,64,2048,198,8,1251.1
2026-08-15 19:43:49.955,2026-08-15 19:43:51.246,27,1630,16,1024,128,8,1290.78
2026-08-15 19:43:51.308,2026-08-15 19:43:52.617,27,1631,64,256,256,8,1308.73
2026-08-15 19:43:52.679,2026-08-15 19:43:53.933,27,1632,64,512,384,8,1254.14
2026-08-15 19:43:53.996,2026-08-15 19:43:55.257,27,1633,64,2048,256,8,1261.33
2026-08-15 19:43:55.320,2026-08-15 19:43:56.661,27,1634,16,256,198,8,1340.98
2026-08-15 19:43:56.721,2026-08-15 19:43:57.999,27,1635,64,512,256,8,1277.95
2026-08-15 19:43:58.061,2026-08-15 19:43:59.353,27,1636,16,2048,128,8,1291.56
2026-08-15 19:43:59.416,2026-08-15 19:44:00.738,27,1637,32,1024,128,8,1321.82
2026-08-15 19:44:00.799,2026-08-15 19:44:02.147,27,1638,64,128,384,8,1347.14
2026-08-15 19:44:02.209,2026-08-15 19:44:03.773,27,1639,16,128,128,8,1564.12
2026-08-15 19:44:03.821,2026-08-15 19:44:05.203,27,1640,32,256,128,8,1382.63
2026-08-15 19:44:05.266,2026-08-15 19:44:06.589,27,1641,64,512,198,8,1322.71
2026-08-15 19:44:06.651,2026-08-15 19:44:07.934,27,1642,16,2048,384,8,1282.71
2026-08-15 19:44:07.996,2026-08-15 19:44:09.342,27,1643,32,512,128,8,1345.65
2026-08-15 19:44:09.403,2026-08-15 19:44:10.694,27,1644,16,256,384,8,1290.45
2026-08-15 19:44:10.756,2026-08-15 19:44:12.133,27,1645,64,128,198,8,1376.84
2026-08-15 19:44:12.192,2026-08-15 19:44:13.529,27,1646,32,256,256,8,1337.71
2026-08-15 19:44:13.592,2026-08-15 19:44:14.979,27,1647,16,512,128,8,1386.92
2026-08-15 19:44:15.038,2026-08-15 19:44:16.338,27,1648,16,1024,198,8,1299.22
2026-08-15 19:44:16.400,2026-08-15 19:44:17.718,27,1649,16,512,198,8,1317.2
2026-08-15 19:44:17.779,2026-08-15 19:44:19.166,27,1650,16,256,128,8,1386.42
2026-08-15 19:44:19.226,2026-08-15 19:44:20.526,27,1651,16,512,256,8,1300.11
2026-08-15 19:44:20.587,2026-08-15 19:44:21.851,27,1652,32,2048,256,8,1263.82
2026-08-15 19:44:21.913,2026-08-15 19:44:23.179,27,1653,16,512,384,8,1265.09
2026-08-15 19:44:23.241,2026-08-15 19:44:24.504,27,1654,64,1024,256,8,1262.6
2026-08-15 19:44:24.566,2026-08-15 19:44:25.788,27,1655,32,1024,384,8,1221.78
2026-08-15 19:44:25.851,2026-08-15 19:44:27.115,27,1656,64,1024,198,8,1264.78
2026-08-15 19:44:27.178,2026-08-15 19:44:28.439,27,1657,32,512,256,8,1261.08
2026-08-15 19:44:28.502,2026-08-15 19:44:29.845,27,1658,16,128,384,8,1342.97
2026-08-15 19:44:29.906,2026-08-15 19:44:31.274,27,1659,64,256,198,8,1367.4
2026-08-15 19:44:31.336,2026-08-15 19:44:32.660,27,1660,32,2048,128,8,1324.06
2026-08-15 19:44:32.723,2026-08-15 19:44:34.147,27,1661,32,128,128,8,1424.42
2026-08-15 19:44:34.197,2026-08-15 19:44:35.491,27,1662,32,1024,256,8,1294.66
2026-08-15 19:44:35.554,2026-08-15 19:44:36.927,27,1663,64,128,256,8,1373.35
2026-08-15 19:44:36.990,2026-08-15 19:44:38.349,27,1664,64,2048,128,8,1359.55
2026-08-15 19:44:38.412,2026-08-15 19:44:39.817,27,1665,64,128,128,8,1404.63
2026-08-15 19:44:39.873,2026-08-15 19:44:41.240,27,1666,32,128,198,8,1366.89
2026-08-15 19:44:41.305,2026-08-15 19:44:42.717,27,1667,32,128,384,8,1412.4
2026-08-15 19:44:42.780,2026-08-15 19:44:44.120,27,1668,16,2048,198,8,1340.34
2026-08-15 19:44:44.183,2026-08-15 19:44:45.561,27,1669,64,512,128,8,1378.08
2026-08-15 19:44:45.621,2026-08-15 19:44:47.002,27,1670,32,128,256,8,1381.06
2026-08-15 19:44:47.065,2026-08-15 19:44:48.366,27,1671,32,512,384,8,1300.35
2026-08-15 19:44:48.428,2026-08-15 19:44:49.708,27,1672,32,2048,198,8,1279.46
2026-08-15 19:44:49.770,2026-08-15 19:44:51.041,27,1673,16,1024,256,8,1270.46
2026-08-15 19:44:51.103,2026-08-15 19:44:52.478,27,1674,16,128,256,8,1375.14
2026-08-15 19:44:52.541,2026-08-15 19:44:53.889,27,1675,32,256,198,8,1348.05
2026-08-15 19:44:53.950,2026-08-15 19:44:55.277,27,1676,32,512,198,8,1326.89
2026-08-15 19:44:55.338,2026-08-15 19:44:56.621,27,1677,16,2048,256,8,1282.69
2026-08-15 19:44:56.683,2026-08-15 19:44:57.927,27,1678,64,2048,384,8,1243.66
2026-08-15 19:44:57.989,2026-08-15 19:44:59.289,27,1679,64,1024,128,8,1300.12
2026-08-15 19:44:59.351,2026-08-15 19:45:00.704,27,1680,64,256,128,8,1353.03
2026-08-15 19:45:00.760,2026-08-15 19:45:02.028,28,1681,64,2048,384,8,1267.42
2026-08-15 19:45:02.091,2026-08-15 19:45:03.376,28,1682,16,1024,198,8,1285.45
2026-08-15 19:45:03.439,2026-08-15 19:45:04.760,28,1683,32,512,128,8,1321.11
2026-08-15 19:45:04.822,2026-08-15 19:45:06.183,28,1684,16,128,384,8,1361.09
2026-08-15 19:45:06.246,2026-08-15 19:45:07.570,28,1685,64,2048,128,8,1324.38
2026-08-15 19:45:07.633,2026-08-15 19:45:08.944,28,1686,32,1024,128,8,1311.59
2026-08-15 19:45:09.007,2026-08-15 19:45:10.297,28,1687,16,2048,198,8,1290.58
2026-08-15 19:45:10.360,2026-08-15 19:45:11.629,28,1688,16,512,384,8,1269.46
2026-08-15 19:45:11.692,2026-08-15 19:45:12.968,28,1689,32,2048,128,8,1275.92
2026-08-15 19:45:13.030,2026-08-15 19:45:14.587,28,1690,16,128,128,8,1557.09
2026-08-15 19:45:14.636,2026-08-15 19:45:15.908,28,1691,64,512,384,8,1272.34
2026-08-15 19:45:15.971,2026-08-15 19:45:17.317,28,1692,64,256,198,8,1346.58
2026-08-15 19:45:17.380,2026-08-15 19:45:18.702,28,1693,16,1024,128,8,1322.22
2026-08-15 19:45:18.764,2026-08-15 19:45:20.131,28,1694,32,128,384,8,1366.82
2026-08-15 19:45:20.194,2026-08-15 19:45:21.518,28,1695,64,256,384,8,1323.9
2026-08-15 19:45:21.582,2026-08-15 19:45:22.897,28,1696,32,256,384,8,1315.65
2026-08-15 19:45:22.960,2026-08-15 19:45:24.241,28,1697,32,1024,198,8,1281.25
2026-08-15 19:45:24.303,2026-08-15 19:45:25.563,28,1698,64,1024,384,8,1259.82
2026-08-15 19:45:25.625,2026-08-15 19:45:26.978,28,1699,32,256,128,8,1352.96
2026-08-15 19:45:27.036,2026-08-15 19:45:28.368,28,1700,64,128,198,8,1331.32
2026-08-15 19:45:28.426,2026-08-15 19:45:29.798,28,1701,64,128,256,8,1372.29
2026-08-15 19:45:29.861,2026-08-15 19:45:31.179,28,1702,32,1024,256,8,1318.56
2026-08-15 19:45:31.242,2026-08-15 19:45:32.615,28,1703,16,512,128,8,1372.84
2026-08-15 19:45:32.675,2026-08-15 19:45:34.060,28,1704,64,128,384,8,1385.28
2026-08-15 19:45:34.122,2026-08-15 19:45:35.461,28,1705,16,2048,128,8,1338.51
2026-08-15 19:45:35.523,2026-08-15 19:45:36.889,28,1706,64,512,128,8,1365.11
2026-08-15 19:45:36.949,2026-08-15 19:45:38.229,28,1707,16,2048,384,8,1279.57
2026-08-15 19:45:38.292,2026-08-15 19:45:39.654,28,1708,32,128,256,8,1362.41
2026-08-15 19:45:39.717,2026-08-15 19:45:41.008,28,1709,64,2048,256,8,1290.95
2026-08-15 19:45:41.074,2026-08-15 19:45:42.393,28,1710,64,512,198,8,1318.99
2026-08-15 19:45:42.456,2026-08-15 19:45:43.781,28,1711,32,256,256,8,1325.61
2026-08-15 19:45:43.843,2026-08-15 19:45:45.135,28,1712,32,2048,256,8,1292.27
2026-08-15 19:45:45.198,2026-08-15 19:45:46.535,28,1713,64,256,256,8,1336.53
2026-08-15 19:45:46.597,2026-08-15 19:45:47.963,28,1714,64,256,128,8,1365.77
2026-08-15 19:45:48.026,2026-08-15 19:45:49.344,28,1715,32,512,256,8,1318.1
2026-08-15 19:45:49.406,2026-08-15 19:45:50.837,28,1716,32,128,128,8,1431.2
2026-08-15 19:45:50.891,2026-08-15 19:45:52.323,28,1717,16,128,198,8,1432.05
2026-08-15 19:45:52.384,2026-08-15 19:45:53.786,28,1718,16,256,256,8,1402.44
2026-08-15 19:45:53.848,2026-08-15 19:45:55.289,28,1719,64,128,128,8,1440.7
2026-08-15 19:45:55.346,2026-08-15 19:45:56.651,28,1720,32,2048,384,8,1305.13
2026-08-15 19:45:56.714,2026-08-15 19:45:58.153,28,1721,16,256,128,8,1439.7
2026-08-15 19:45:58.214,2026-08-15 19:45:59.544,28,1722,64,1024,198,8,1330.3
2026-08-15 19:45:59.607,2026-08-15 19:46:00.926,28,1723,64,512,256,8,1319.3
2026-08-15 19:46:00.991,2026-08-15 19:46:02.282,28,1724,32,1024,384,8,1291.25
2026-08-15 19:46:02.345,2026-08-15 19:46:03.631,28,1725,32,512,384,8,1286.04
2026-08-15 19:46:03.693,2026-08-15 19:46:04.997,28,1726,32,512,198,8,1303.4
2026-08-15 19:46:05.059,2026-08-15 19:46:06.347,28,1727,16,2048,256,8,1287.46
2026-08-15 19:46:06.410,2026-08-15 19:46:07.686,28,1728,16,1024,256,8,1276.39
2026-08-15 19:46:07.749,2026-08-15 19:46:09.068,28,1729,16,256,384,8,1318.55
2026-08-15 19:46:09.130,2026-08-15 19:46:10.511,28,1730,16,256,198,8,1380.77
2026-08-15 19:46:10.571,2026-08-15 19:46:11.961,28,1731,32,128,198,8,1390.09
2026-08-15 19:46:12.025,2026-08-15 19:46:13.361,28,1732,64,2048,198,8,1336
2026-08-15 19:46:13.423,2026-08-15 19:46:14.860,28,1733,16,128,256,8,1436.55
2026-08-15 19:46:14.922,2026-08-15 19:46:16.287,28,1734,16,512,256,8,1365.26
2026-08-15 19:46:16.351,2026-08-15 19:46:17.664,28,1735,32,2048,198,8,1313.58
2026-08-15 19:46:17.727,2026-08-15 19:46:19.085,28,1736,64,1024,128,8,1358.53
2026-08-15 19:46:19.148,2026-08-15 19:46:20.529,28,1737,32,256,198,8,1381.18
2026-08-15 19:46:20.592,2026-08-15 19:46:21.891,28,1738,16,1024,384,8,1299.25
2026-08-15 19:46:21.958,2026-08-15 19:46:23.304,28,1739,16,512,198,8,1346.56
2026-08-15 19:46:23.365,2026-08-15 19:46:24.651,28,1740,64,1024,256,8,1286.02
2026-08-15 19:46:24.714,2026-08-15 19:46:26.126,29,1741,64,128,384,8,1412.25
2026-08-15 19:46:26.189,2026-08-15 19:46:27.523,29,1742,32,1024,198,8,1334.07
2026-08-15 19:46:27.586,2026-08-15 19:46:28.986,29,1743,32,128,384,8,1400.41
2026-08-15 19:46:29.049,2026-08-15 19:46:30.369,29,1744,64,2048,384,8,1320.53
2026-08-15 19:46:30.432,2026-08-15 19:46:31.753,29,1745,64,512,384,8,1321.28
2026-08-15 19:46:31.816,2026-08-15 19:46:33.208,29,1746,64,128,128,8,1392.28
2026-08-15 19:46:33.266,2026-08-15 19:46:34.651,29,1747,32,1024,128,8,1384.64
2026-08-15 19:46:34.713,2026-08-15 19:46:36.059,29,1748,16,1024,256,8,1345.55
2026-08-15 19:46:36.122,2026-08-15 19:46:37.444,29,1749,16,1024,198,8,1322.11
2026-08-15 19:46:37.507,2026-08-15 19:46:38.815,29,1750,32,2048,384,8,1308.8
2026-08-15 19:46:38.878,2026-08-15 19:46:40.257,29,1751,32,256,198,8,1378.63
2026-08-15 19:46:40.319,2026-08-15 19:46:41.692,29,1752,64,512,128,8,1373.49
2026-08-15 19:46:41.755,2026-08-15 19:46:43.377,29,1753,16,128,128,8,1622.47
2026-08-15 19:46:43.426,2026-08-15 19:46:44.836,29,1754,32,512,128,8,1410.13
2026-08-15 19:46:44.898,2026-08-15 19:46:46.320,29,1755,32,128,198,8,1421.89
2026-08-15 19:46:46.382,2026-08-15 19:46:47.724,29,1756,16,2048,256,8,1341.82
2026-08-15 19:46:47.787,2026-08-15 19:46:49.219,29,1757,16,512,128,8,1432.11
2026-08-15 19:46:49.280,2026-08-15 19:46:50.575,29,1758,32,1024,384,8,1294.53
2026-08-15 19:46:50.638,2026-08-15 19:46:51.986,29,1759,64,512,198,8,1348.75
2026-08-15 19:46:52.049,2026-08-15 19:46:53.390,29,1760,16,2048,128,8,1340.48
2026-08-15 19:46:53.452,2026-08-15 19:46:54.838,29,1761,64,128,198,8,1385.84
2026-08-15 19:46:54.901,2026-08-15 19:46:56.285,29,1762,16,512,198,8,1383.9
2026-08-15 19:46:56.347,2026-08-15 19:46:57.686,29,1763,64,2048,198,8,1338.55
2026-08-15 19:46:57.748,2026-08-15 19:46:59.178,29,1764,32,128,128,8,1429.38
2026-08-15 19:46:59.235,2026-08-15 19:47:00.604,29,1765,64,256,384,8,1369.39
2026-08-15 19:47:00.666,2026-08-15 19:47:02.013,29,1766,16,2048,198,8,1346.82
2026-08-15 19:47:02.076,2026-08-15 19:47:03.432,29,1767,64,256,256,8,1355.39
2026-08-15 19:47:03.494,2026-08-15 19:47:04.842,29,1768,32,512,256,8,1347.78
2026-08-15 19:47:04.904,2026-08-15 19:47:06.246,29,1769,32,256,384,8,1341.99
2026-08-15 19:47:06.308,2026-08-15 19:47:07.638,29,1770,64,2048,128,8,1330.22
2026-08-15 19:47:07.701,2026-08-15 19:47:09.024,29,1771,32,2048,198,8,1322.68
2026-08-15 19:47:09.087,2026-08-15 19:47:10.515,29,1772,16,256,128,8,1428.16
2026-08-15 19:47:10.576,2026-08-15 19:47:11.944,29,1773,32,2048,256,8,1367.74
2026-08-15 19:47:12.007,2026-08-15 19:47:13.373,29,1774,64,1024,198,8,1366.01
2026-08-15 19:47:13.436,2026-08-15 19:47:14.774,29,1775,64,512,256,8,1338.21
2026-08-15 19:47:14.837,2026-08-15 19:47:16.138,29,1776,64,1024,384,8,1300.64
2026-08-15 19:47:16.200,2026-08-15 19:47:17.487,29,1777,16,1024,384,8,1286.61
2026-08-15 19:47:17.549,2026-08-15 19:47:18.961,29,1778,16,128,256,8,1411.19
2026-08-15 19:47:19.023,2026-08-15 19:47:20.346,29,1779,32,512,384,8,1322.58
2026-08-15 19:47:20.408,2026-08-15 19:47:21.850,29,1780,16,128,198,8,1441.7
2026-08-15 19:47:21.910,2026-08-15 19:47:23.233,29,1781,32,1024,256,8,1323.51
2026-08-15 19:47:23.296,2026-08-15 19:47:24.699,29,1782,32,128,256,8,1403.31
2026-08-15 19:47:24.762,2026-08-15 19:47:26.199,29,1783,64,128,256,8,1437.53
2026-08-15 19:47:26.262,2026-08-15 19:47:27.694,29,1784,64,256,128,8,1432.23
2026-08-15 19:47:27.757,2026-08-15 19:47:29.183,29,1785,16,128,384,8,1425.32
2026-08-15 19:47:29.245,2026-08-15 19:47:30.574,29,1786,16,2048,384,8,1328.71
2026-08-15 19:47:30.637,2026-08-15 19:47:31.983,29,1787,32,2048,128,8,1346.63
2026-08-15 19:47:32.046,2026-08-15 19:47:33.432,29,1788,32,256,128,8,1386.59
2026-08-15 19:47:33.493,2026-08-15 19:47:34.845,29,1789,16,1024,128,8,1352.08
2026-08-15 19:47:34.908,2026-08-15 19:47:36.223,29,1790,16,512,384,8,1314.46
2026-08-15 19:47:36.284,2026-08-15 19:47:37.649,29,1791,64,256,198,8,1364.93
2026-08-15 19:47:37.711,2026-08-15 19:47:39.012,29,1792,64,2048,256,8,1300.87
2026-08-15 19:47:39.075,2026-08-15 19:47:40.434,29,1793,16,256,256,8,1358.66
2026-08-15 19:47:40.497,2026-08-15 19:47:41.827,29,1794,32,512,198,8,1330.65
2026-08-15 19:47:41.889,2026-08-15 19:47:43.197,29,1795,64,1024,256,8,1307.08
2026-08-15 19:47:43.259,2026-08-15 19:47:44.610,29,1796,32,256,256,8,1350.8
2026-08-15 19:47:44.673,2026-08-15 19:47:45.991,29,1797,16,512,256,8,1318.33
2026-08-15 19:47:46.054,2026-08-15 19:47:47.447,29,1798,16,256,198,8,1393.18
2026-08-15 19:47:47.509,2026-08-15 19:47:48.846,29,1799,64,1024,128,8,1336.7
2026-08-15 19:47:48.909,2026-08-15 19:47:50.255,29,1800,16,256,384,8,1345.44
