wall_start,wall_end,round,position,mc,nc,kc,workers,time_ms,P-Cluster Frequency,Thermal pressure
2026-09-24 11:41:16,2026-09-24 11:41:17,0,1,64,256,198,8,844.411,1381,Heavy
2026-09-24 11:41:17,2026-09-24 11:41:18,0,2,64,256,256,8,850.711,1459,Heavy
2026-09-24 11:41:18,2026-09-24 11:41:19,0,3,16,1024,256,8,763.613,1449,Heavy
2026-09-24 11:41:19,2026-09-24 11:41:19,0,4,32,256,384,8,790.366,1362,Heavy
2026-09-24 11:41:19,2026-09-24 11:41:20,0,5,32,2048,384,8,773.269,1362,Heavy
2026-09-24 11:41:20,2026-09-24 11:41:21,0,6,16,512,512,8,783.625,1341,Heavy
2026-09-24 11:41:21,2026-09-24 11:41:22,0,7,16,1024,512,8,777.122,1350,Heavy
2026-09-24 11:41:22,2026-09-24 11:41:23,0,8,16,512,384,8,867.727,1324,Heavy
2026-09-24 11:41:23,2026-09-24 11:41:24,0,9,64,512,384,8,796.57,1314,Heavy
2026-09-24 11:41:24,2026-09-24 11:41:24,0,10,32,512,256,8,819.167,1302,Heavy
2026-09-24 11:41:24,2026-09-24 11:41:25,0,11,64,1024,512,8,797.106,1302,Heavy
2026-09-24 11:41:25,2026-09-24 11:41:26,0,12,16,128,198,8,950.262,1310,Heavy
2026-09-24 11:41:26,2026-09-24 11:41:27,0,13,16,1024,384,8,755.366,1548,Heavy
2026-09-24 11:41:27,2026-09-24 11:41:28,0,14,64,1024,256,8,781.823,1381,Heavy
2026-09-24 11:41:28,2026-09-24 11:41:29,0,15,16,2048,384,8,764.088,1342,Heavy
2026-09-24 11:41:29,2026-09-24 11:41:30,0,16,16,256,198,8,847.762,1389,Heavy
2026-09-24 11:41:30,2026-09-24 11:41:30,0,17,32,2048,198,8,790.136,1414,Heavy
2026-09-24 11:41:30,2026-09-24 11:41:31,0,18,16,512,198,8,846.283,1414,Heavy
2026-09-24 11:41:31,2026-09-24 11:41:32,0,19,64,1024,198,8,797.122,1451,Heavy
2026-09-24 11:41:32,2026-09-24 11:41:33,0,20,64,256,512,8,796.51,1455,Heavy
2026-09-24 11:41:33,2026-09-24 11:41:34,0,21,16,128,512,8,828.448,1418,Heavy
2026-09-24 11:41:34,2026-09-24 11:41:35,0,22,32,256,198,8,839.418,1391,Heavy
2026-09-24 11:41:35,2026-09-24 11:41:35,0,23,16,2048,198,8,783.576,1359,Heavy
2026-09-24 11:41:35,2026-09-24 11:41:36,0,24,16,256,512,8,795.935,1359,Heavy
2026-09-24 11:41:36,2026-09-24 11:41:37,0,25,64,256,384,8,825.43,1315,Heavy
2026-09-24 11:41:37,2026-09-24 11:41:38,0,26,16,512,256,8,801.331,1363,Heavy
2026-09-24 11:41:38,2026-09-24 11:41:39,0,27,16,2048,256,8,782.15,1309,Heavy
2026-09-24 11:41:39,2026-09-24 11:41:40,0,28,32,1024,384,8,784.256,1292,Heavy
2026-09-24 11:41:40,2026-09-24 11:41:40,0,29,32,256,256,8,834.859,1320,Heavy
2026-09-24 11:41:41,2026-09-24 11:41:41,0,30,64,2048,384,8,777.538,1331,Heavy
2026-09-24 11:41:41,2026-09-24 11:41:42,0,31,64,128,256,8,861.919,1331,Heavy
2026-09-24 11:41:42,2026-09-24 11:41:43,0,32,64,512,198,8,805.733,1472,Heavy
2026-09-24 11:41:43,2026-09-24 11:41:44,0,33,32,1024,198,8,793.035,1374,Heavy
2026-09-24 11:41:44,2026-09-24 11:41:45,0,34,32,128,384,8,841.038,1360,Heavy
2026-09-24 11:41:45,2026-09-24 11:41:46,0,35,32,512,198,8,813.885,1367,Heavy
2026-09-24 11:41:46,2026-09-24 11:41:46,0,36,32,128,512,8,829.729,1367,Heavy
2026-09-24 11:41:47,2026-09-24 11:41:47,0,37,16,128,384,8,864.616,1384,Heavy
2026-09-24 11:41:47,2026-09-24 11:41:48,0,38,32,512,512,8,783.029,1384,Heavy
2026-09-24 11:41:48,2026-09-24 11:41:49,0,39,16,1024,198,8,789.114,1350,Heavy
2026-09-24 11:41:49,2026-09-24 11:41:50,0,40,16,2048,512,8,773.352,1315,Heavy
2026-09-24 11:41:50,2026-09-24 11:41:51,0,41,64,512,512,8,786.499,1312,Heavy
2026-09-24 11:41:51,2026-09-24 11:41:51,0,42,64,512,256,8,794.737,1349,Heavy
2026-09-24 11:41:52,2026-09-24 11:41:52,0,43,16,256,256,8,831.868,1404,Heavy
2026-09-24 11:41:52,2026-09-24 11:41:53,0,44,64,128,512,8,831.582,1404,Heavy
2026-09-24 11:41:53,2026-09-24 11:41:54,0,45,64,2048,198,8,790.133,1414,Heavy
2026-09-24 11:41:54,2026-09-24 11:41:55,0,46,32,128,198,8,871.136,1401,Heavy
2026-09-24 11:41:55,2026-09-24 11:41:56,0,47,16,128,256,8,907.07,1538,Heavy
2026-09-24 11:41:56,2026-09-24 11:41:57,0,48,64,128,384,8,855.129,1420,Heavy
2026-09-24 11:41:57,2026-09-24 11:41:58,0,49,16,256,384,8,811.506,1337,Heavy
2026-09-24 11:41:58,2026-09-24 11:41:59,0,50,32,128,256,8,891.085,1389,Heavy
2026-09-24 11:41:59,2026-09-24 11:41:59,0,51,64,2048,512,8,784.435,1340,Heavy
2026-09-24 11:41:59,2026-09-24 11:42:00,0,52,32,256,512,8,818.565,1340,Heavy
2026-09-24 11:42:00,2026-09-24 11:42:01,0,53,64,1024,384,8,870.871,1318,Heavy
2026-09-24 11:42:01,2026-09-24 11:42:02,0,54,32,1024,512,8,801.063,,
2026-09-24 11:42:02,2026-09-24 11:42:03,0,55,32,512,384,8,797.194,1379,Heavy
2026-09-24 11:42:03,2026-09-24 11:42:04,0,56,32,2048,256,8,780.606,1329,Heavy
2026-09-24 11:42:04,2026-09-24 11:42:05,0,57,64,128,198,8,895.208,1334,Heavy
2026-09-24 11:42:05,2026-09-24 11:42:05,0,58,32,2048,512,8,775.908,1540,Heavy
2026-09-24 11:42:05,2026-09-24 11:42:06,0,59,64,2048,256,8,770.263,1540,Heavy
2026-09-24 11:42:06,2026-09-24 11:42:07,0,60,32,1024,256,8,781.366,1416,Heavy
2026-09-24 11:42:07,2026-09-24 11:42:08,1,61,16,512,384,8,804.065,1379,Heavy
2026-09-24 11:42:08,2026-09-24 11:42:09,1,62,64,256,384,8,827.72,1396,Heavy
2026-09-24 11:42:09,2026-09-24 11:42:10,1,63,64,256,198,8,824.912,1438,Heavy
2026-09-24 11:42:10,2026-09-24 11:42:10,1,64,64,2048,512,8,781.23,1437,Heavy
2026-09-24 11:42:10,2026-09-24 11:42:11,1,65,32,512,512,8,769.991,1437,Heavy
2026-09-24 11:42:11,2026-09-24 11:42:12,1,66,32,256,198,8,830.923,1424,Heavy
2026-09-24 11:42:12,2026-09-24 11:42:13,1,67,16,1024,512,8,766.772,1386,Heavy
2026-09-24 11:42:13,2026-09-24 11:42:14,1,68,32,1024,384,8,765.23,1372,Heavy
2026-09-24 11:42:14,2026-09-24 11:42:15,1,69,64,128,384,8,853.034,1334,Heavy
2026-09-24 11:42:15,2026-09-24 11:42:15,1,70,32,1024,256,8,792.421,1402,Heavy
2026-09-24 11:42:15,2026-09-24 11:42:16,1,71,16,256,256,8,841.285,1402,Heavy
2026-09-24 11:42:16,2026-09-24 11:42:17,1,72,32,1024,512,8,918.747,1335,Heavy
2026-09-24 11:42:17,2026-09-24 11:42:18,1,73,32,128,512,8,978.399,1347,Heavy
2026-09-24 11:42:18,2026-09-24 11:42:19,1,74,16,128,512,8,860.031,1379,Heavy
2026-09-24 11:42:19,2026-09-24 11:42:20,1,75,64,512,512,8,816.907,1358,Heavy
2026-09-24 11:42:20,2026-09-24 11:42:21,1,76,32,512,198,8,820.246,1336,Heavy
2026-09-24 11:42:21,2026-09-24 11:42:22,1,77,64,2048,384,8,782.358,1344,Heavy
2026-09-24 11:42:22,2026-09-24 11:42:22,1,78,32,2048,384,8,765.563,1366,Heavy
2026-09-24 11:42:22,2026-09-24 11:42:23,1,79,16,2048,198,8,783.039,1366,Heavy
2026-09-24 11:42:23,2026-09-24 11:42:24,1,80,64,1024,198,8,808.105,1384,Heavy
2026-09-24 11:42:24,2026-09-24 11:42:25,1,81,64,256,256,8,847.818,1389,Heavy
2026-09-24 11:42:25,2026-09-24 11:42:26,1,82,32,512,384,8,918.141,1472,Heavy
2026-09-24 11:42:26,2026-09-24 11:42:27,1,83,16,512,198,8,836.479,1509,Heavy
2026-09-24 11:42:27,2026-09-24 11:42:28,1,84,16,128,256,8,1050.75,1437,Heavy
2026-09-24 11:42:28,2026-09-24 11:42:29,1,85,16,128,198,8,948.287,1605,Heavy
2026-09-24 11:42:29,2026-09-24 11:42:30,1,86,64,1024,512,8,790.41,1614,Heavy
2026-09-24 11:42:30,2026-09-24 11:42:31,1,87,32,256,384,8,824.451,1406,Heavy
2026-09-24 11:42:31,2026-09-24 11:42:31,1,88,16,256,384,8,814.681,1334,Heavy
2026-09-24 11:42:31,2026-09-24 11:42:32,1,89,64,512,256,8,833.215,1334,Heavy
2026-09-24 11:42:32,2026-09-24 11:42:33,1,90,32,2048,198,8,797.026,1305,Heavy
2026-09-24 11:42:33,2026-09-24 11:42:34,1,91,32,256,256,8,843.179,1320,Heavy
2026-09-24 11:42:34,2026-09-24 11:42:35,1,92,32,2048,256,8,792.965,1328,Heavy
2026-09-24 11:42:35,2026-09-24 11:42:36,1,93,16,512,512,8,792.989,1349,Heavy
2026-09-24 11:42:36,2026-09-24 11:42:36,1,94,64,1024,384,8,811.256,1402,Heavy
2026-09-24 11:42:37,2026-09-24 11:42:37,1,95,64,512,198,8,802.606,1434,Heavy
2026-09-24 11:42:37,2026-09-24 11:42:38,1,96,16,1024,256,8,764.092,1434,Heavy
2026-09-24 11:42:38,2026-09-24 11:42:39,1,97,32,128,256,8,864.477,1418,Heavy
2026-09-24 11:42:39,2026-09-24 11:42:40,1,98,32,128,384,8,852.507,1474,Heavy
2026-09-24 11:42:40,2026-09-24 11:42:41,1,99,64,1024,256,8,856.416,1480,Heavy
2026-09-24 11:42:41,2026-09-24 11:42:42,1,100,64,256,512,8,827.505,1426,Heavy
2026-09-24 11:42:42,2026-09-24 11:42:43,1,101,64,128,512,8,875.008,1423,Heavy
2026-09-24 11:42:43,2026-09-24 11:42:43,1,102,64,2048,256,8,786.871,1380,Heavy
2026-09-24 11:42:43,2026-09-24 11:42:44,1,103,32,256,512,8,821.856,1380,Heavy
2026-09-24 11:42:44,2026-09-24 11:42:45,1,104,16,256,198,8,910.693,1321,Heavy
2026-09-24 11:42:45,2026-09-24 11:42:46,1,105,64,128,256,8,883.994,1367,Heavy
2026-09-24 11:42:46,2026-09-24 11:42:47,1,106,64,2048,198,8,809.624,1426,Heavy
2026-09-24 11:42:47,2026-09-24 11:42:48,1,107,64,512,384,8,796.354,1343,Heavy
2026-09-24 11:42:48,2026-09-24 11:42:49,1,108,64,128,198,8,858.945,1354,Heavy
2026-09-24 11:42:49,2026-09-24 11:42:49,1,109,16,1024,384,8,766.181,1514,Heavy
2026-09-24 11:42:50,2026-09-24 11:42:50,1,110,16,128,384,8,870.693,1357,Heavy
2026-09-24 11:42:50,2026-09-24 11:42:51,1,111,16,1024,198,8,793.833,1357,Heavy
2026-09-24 11:42:51,2026-09-24 11:42:52,1,112,32,512,256,8,791.102,1381,Heavy
2026-09-24 11:42:52,2026-09-24 11:42:53,1,113,32,2048,512,8,767.608,1376,Heavy
2026-09-24 11:42:53,2026-09-24 11:42:54,1,114,16,512,256,8,797.369,1383,Heavy
2026-09-24 11:42:54,2026-09-24 11:42:54,1,115,16,2048,384,8,758.608,1383,Heavy
2026-09-24 11:42:54,2026-09-24 11:42:55,1,116,16,2048,512,8,768.973,1383,Heavy
2026-09-24 11:42:55,2026-09-24 11:42:56,1,117,32,1024,198,8,778.366,1341,Heavy
2026-09-24 11:42:56,2026-09-24 11:42:57,1,118,16,2048,256,8,770.05,1349,Heavy
2026-09-24 11:42:57,2026-09-24 11:42:58,1,119,32,128,198,8,886.216,1378,Heavy
2026-09-24 11:42:58,2026-09-24 11:42:59,1,120,16,256,512,8,792.856,1553,Heavy
2026-09-24 11:42:59,2026-09-24 11:42:59,2,121,16,2048,384,8,792.005,1349,Heavy
2026-09-24 11:42:59,2026-09-24 11:43:00,2,122,32,256,198,8,875.865,1349,Heavy
2026-09-24 11:43:00,2026-09-24 11:43:01,2,123,16,128,384,8,873.542,1363,Heavy
2026-09-24 11:43:01,2026-09-24 11:43:02,2,124,32,1024,512,8,775.958,1385,Heavy
2026-09-24 11:43:02,2026-09-24 11:43:03,2,125,32,1024,384,8,774.385,1339,Heavy
2026-09-24 11:43:03,2026-09-24 11:43:04,2,126,64,256,198,8,952.418,1331,Heavy
2026-09-24 11:43:04,2026-09-24 11:43:05,2,127,16,256,198,8,888.234,1450,Heavy
2026-09-24 11:43:05,2026-09-24 11:43:06,2,128,32,512,256,8,819.546,1408,Heavy
2026-09-24 11:43:06,2026-09-24 11:43:07,2,129,32,1024,198,8,922.055,1357,Heavy
2026-09-24 11:43:07,2026-09-24 11:43:08,2,130,64,128,384,8,890.1,1455,Heavy
2026-09-24 11:43:08,2026-09-24 11:43:08,2,131,64,2048,256,8,798.541,1370,Heavy
2026-09-24 11:43:08,2026-09-24 11:43:09,2,132,64,2048,198,8,789.914,1370,Heavy
2026-09-24 11:43:09,2026-09-24 11:43:10,2,133,32,128,384,8,857.257,1334,Heavy
2026-09-24 11:43:10,2026-09-24 11:43:11,2,134,32,128,198,8,875.145,1380,Heavy
2026-09-24 11:43:11,2026-09-24 11:43:12,2,135,16,2048,198,8,770.703,1525,Heavy
2026-09-24 11:43:12,2026-09-24 11:43:13,2,136,32,512,198,8,822.363,1341,Heavy
2026-09-24 11:43:13,2026-09-24 11:43:14,2,137,64,128,512,8,837.007,1379,Heavy
2026-09-24 11:43:14,2026-09-24 11:43:14,2,138,64,1024,198,8,800.481,1367,Heavy
2026-09-24 11:43:14,2026-09-24 11:43:15,2,139,64,2048,512,8,769.911,1367,Heavy
2026-09-24 11:43:15,2026-09-24 11:43:16,2,140,32,2048,198,8,769.116,1357,Heavy
2026-09-24 11:43:16,2026-09-24 11:43:17,2,141,16,256,256,8,823.955,1391,Heavy
2026-09-24 11:43:17,2026-09-24 11:43:18,2,142,64,256,512,8,781.921,1433,Heavy
2026-09-24 11:43:18,2026-09-24 11:43:18,2,143,32,256,512,8,785.844,1390,Heavy
2026-09-24 11:43:19,2026-09-24 11:43:19,2,144,64,512,512,8,774.606,1379,Heavy
2026-09-24 11:43:19,2026-09-24 11:43:20,2,145,32,256,384,8,783.922,1379,Heavy
2026-09-24 11:43:20,2026-09-24 11:43:21,2,146,16,256,512,8,786.038,1404,Heavy
2026-09-24 11:43:21,2026-09-24 11:43:22,2,147,32,2048,512,8,759.938,1409,Heavy
2026-09-24 11:43:22,2026-09-24 11:43:23,2,148,16,128,512,8,830.534,1378,Heavy
2026-09-24 11:43:23,2026-09-24 11:43:23,2,149,32,2048,384,8,767.413,1375,Heavy
2026-09-24 11:43:23,2026-09-24 11:43:24,2,150,64,512,198,8,800.114,1375,Heavy
2026-09-24 11:43:24,2026-09-24 11:43:25,2,151,64,128,198,8,861.586,1371,Heavy
2026-09-24 11:43:25,2026-09-24 11:43:26,2,152,16,1024,198,8,777.521,1550,Heavy
2026-09-24 11:43:26,2026-09-24 11:43:27,2,153,16,2048,512,8,760.389,1358,Heavy
2026-09-24 11:43:27,2026-09-24 11:43:28,2,154,64,512,256,8,812.101,1328,Heavy
2026-09-24 11:43:28,2026-09-24 11:43:28,2,155,32,128,512,8,839.033,1359,Heavy
2026-09-24 11:43:29,2026-09-24 11:43:29,2,156,64,128,256,8,877.258,1436,Heavy
2026-09-24 11:43:29,2026-09-24 11:43:30,2,157,32,1024,256,8,777.545,1436,Heavy
2026-09-24 11:43:30,2026-09-24 11:43:31,2,158,16,2048,256,8,772.242,1352,Heavy
2026-09-24 11:43:31,2026-09-24 11:43:32,2,159,16,512,512,8,784.595,1334,Heavy
2026-09-24 11:43:32,2026-09-24 11:43:33,2,160,16,256,384,8,801.619,1336,Heavy
2026-09-24 11:43:33,2026-09-24 11:43:34,2,161,16,128,256,8,906.373,1436,Heavy
2026-09-24 11:43:34,2026-09-24 11:43:34,2,162,16,512,198,8,812.699,1408,Heavy
2026-09-24 11:43:34,2026-09-24 11:43:35,2,163,32,256,256,8,811.016,1408,Heavy
2026-09-24 11:43:35,2026-09-24 11:43:36,2,164,16,1024,384,8,769.679,1387,Heavy
2026-09-24 11:43:36,2026-09-24 11:43:37,2,165,16,512,384,8,770.136,1384,Heavy
2026-09-24 11:43:37,2026-09-24 11:43:38,2,166,64,1024,256,8,786.207,1347,Heavy
2026-09-24 11:43:38,2026-09-24 11:43:39,2,167,64,1024,512,8,764.028,1367,Heavy
2026-09-24 11:43:39,2026-09-24 11:43:39,2,168,16,128,198,8,923.371,1582,Heavy
2026-09-24 11:43:40,2026-09-24 11:43:40,2,169,16,1024,256,8,765.875,1445,Heavy
2026-09-24 11:43:40,2026-09-24 11:43:41,2,170,32,2048,256,8,762.863,1445,Heavy
2026-09-24 11:43:41,2026-09-24 11:43:42,2,171,64,2048,384,8,770.511,1381,Heavy
2026-09-24 11:43:42,2026-09-24 11:43:43,2,172,32,512,512,8,769.19,1355,Heavy
2026-09-24 11:43:43,2026-09-24 11:43:44,2,173,32,512,384,8,771.295,1344,Heavy
2026-09-24 11:43:44,2026-09-24 11:43:44,2,174,64,256,384,8,810.135,1378,Heavy
2026-09-24 11:43:44,2026-09-24 11:43:45,2,175,32,128,256,8,859.937,1378,Heavy
2026-09-24 11:43:45,2026-09-24 11:43:46,2,176,64,512,384,8,789.5,1476,Heavy
2026-09-24 11:43:46,2026-09-24 11:43:47,2,177,64,256,256,8,828.383,1352,Heavy
2026-09-24 11:43:47,2026-09-24 11:43:48,2,178,16,512,256,8,800.091,1344,Heavy
2026-09-24 11:43:48,2026-09-24 11:43:49,2,179,16,1024,512,8,772.24,1323,Heavy
2026-09-24 11:43:49,2026-09-24 11:43:49,2,180,64,1024,384,8,777.161,1314,Heavy
2026-09-24 11:43:49,2026-09-24 11:43:50,3,181,64,128,198,8,879.769,1314,Heavy
2026-09-24 11:43:50,2026-09-24 11:43:51,3,182,16,256,512,8,813.317,1533,Heavy
2026-09-24 11:43:51,2026-09-24 11:43:52,3,183,32,2048,256,8,769.474,1353,Heavy
2026-09-24 11:43:52,2026-09-24 11:43:53,3,184,16,128,384,8,868.093,1373,Heavy
2026-09-24 11:43:53,2026-09-24 11:43:54,3,185,16,256,198,8,863.494,1412,Heavy
2026-09-24 11:43:54,2026-09-24 11:43:55,3,186,32,256,384,8,796.298,1393,Heavy
2026-09-24 11:43:55,2026-09-24 11:43:55,3,187,64,1024,512,8,759.845,1408,Heavy
2026-09-24 11:43:55,2026-09-24 11:43:56,3,188,16,512,198,8,800.575,1408,Heavy
2026-09-24 11:43:56,2026-09-24 11:43:57,3,189,16,256,256,8,825.323,1425,Heavy
2026-09-24 11:43:57,2026-09-24 11:43:58,3,190,64,512,256,8,783.087,1413,Heavy
2026-09-24 11:43:58,2026-09-24 11:43:59,3,191,16,512,256,8,788.679,,
2026-09-24 11:43:59,2026-09-24 11:44:00,3,192,16,2048,512,8,755.675,1376,Heavy
2026-09-24 11:44:00,2026-09-24 11:44:00,3,193,16,2048,198,8,773.154,1344,Heavy
2026-09-24 11:44:00,2026-09-24 11:44:01,3,194,32,256,512,8,796.132,1344,Heavy
2026-09-24 11:44:01,2026-09-24 11:44:02,3,195,32,1024,198,8,784.485,1387,Heavy
2026-09-24 11:44:02,2026-09-24 11:44:03,3,196,16,512,384,8,774.221,1355,Heavy
2026-09-24 11:44:03,2026-09-24 11:44:04,3,197,16,128,198,8,941.903,1336,Heavy
2026-09-24 11:44:04,2026-09-24 11:44:05,3,198,32,1024,384,8,760.114,1540,Heavy
2026-09-24 11:44:05,2026-09-24 11:44:05,3,199,64,1024,384,8,779.491,1422,Heavy
2026-09-24 11:44:05,2026-09-24 11:44:06,3,200,32,128,198,8,865.94,1422,Heavy
2026-09-24 11:44:06,2026-09-24 11:44:07,3,201,16,2048,384,8,751.303,1410,Heavy
2026-09-24 11:44:07,2026-09-24 11:44:08,3,202,64,256,256,8,828.993,1526,Heavy
2026-09-24 11:44:08,2026-09-24 11:44:09,3,203,64,512,198,8,803.926,1360,Heavy
2026-09-24 11:44:09,2026-09-24 11:44:10,3,204,64,128,384,8,860.537,1379,Heavy
2026-09-24 11:44:10,2026-09-24 11:44:10,3,205,16,256,384,8,799.017,1400,Heavy
2026-09-24 11:44:11,2026-09-24 11:44:11,3,206,16,1024,512,8,761.838,1375,Heavy
2026-09-24 11:44:11,2026-09-24 11:44:12,3,207,64,256,198,8,848.384,1375,Heavy
2026-09-24 11:44:12,2026-09-24 11:44:13,3,208,16,1024,256,8,771.836,1364,Heavy
2026-09-24 11:44:13,2026-09-24 11:44:14,3,209,32,128,256,8,870.705,1364,Heavy
2026-09-24 11:44:14,2026-09-24 11:44:15,3,210,16,2048,256,8,765.287,1421,Heavy
2026-09-24 11:44:15,2026-09-24 11:44:15,3,211,32,1024,256,8,784.156,1358,Heavy
2026-09-24 11:44:16,2026-09-24 11:44:16,3,212,64,128,512,8,842.22,1367,Heavy
2026-09-24 11:44:16,2026-09-24 11:44:17,3,213,64,2048,512,8,779.418,1367,Heavy
2026-09-24 11:44:17,2026-09-24 11:44:18,3,214,64,1024,198,8,795.14,1393,Heavy
2026-09-24 11:44:18,2026-09-24 11:44:19,3,215,32,512,384,8,777.645,1356,Heavy
2026-09-24 11:44:19,2026-09-24 11:44:20,3,216,32,2048,198,8,775.167,1349,Heavy
2026-09-24 11:44:20,2026-09-24 11:44:20,3,217,32,512,256,8,800.298,1350,Heavy
2026-09-24 11:44:21,2026-09-24 11:44:21,3,218,32,128,384,8,847.085,1395,Heavy
2026-09-24 11:44:21,2026-09-24 11:44:22,3,219,64,128,256,8,875.405,1395,Heavy
2026-09-24 11:44:22,2026-09-24 11:44:23,3,220,16,128,256,8,907.088,1401,Heavy
2026-09-24 11:44:23,2026-09-24 11:44:24,3,221,32,2048,512,8,770.841,1471,Heavy
2026-09-24 11:44:24,2026-09-24 11:44:25,3,222,64,512,512,8,794.119,1396,Heavy
2026-09-24 11:44:25,2026-09-24 11:44:26,3,223,16,1024,384,8,762.372,1299,Heavy
2026-09-24 11:44:26,2026-09-24 11:44:26,3,224,64,1024,256,8,795.119,1342,Heavy
2026-09-24 11:44:27,2026-09-24 11:44:27,3,225,64,512,384,8,784.668,1356,Heavy
2026-09-24 11:44:27,2026-09-24 11:44:28,3,226,32,512,198,8,804.906,1356,Heavy
2026-09-24 11:44:28,2026-09-24 11:44:29,3,227,64,2048,198,8,788.446,1348,Heavy
2026-09-24 11:44:29,2026-09-24 11:44:30,3,228,32,1024,512,8,763.271,1355,Heavy
2026-09-24 11:44:30,2026-09-24 11:44:31,3,229,16,1024,198,8,795.661,1339,Heavy
2026-09-24 11:44:31,2026-09-24 11:44:31,3,230,32,2048,384,8,765.526,1382,Heavy
2026-09-24 11:44:31,2026-09-24 11:44:32,3,231,32,128,512,8,830.753,1382,Heavy
2026-09-24 11:44:32,2026-09-24 11:44:33,3,232,16,128,512,8,850.895,1349,Heavy
2026-09-24 11:44:33,2026-09-24 11:44:34,3,233,32,512,512,8,774.724,1380,Heavy
2026-09-24 11:44:34,2026-09-24 11:44:35,3,234,64,2048,256,8,798.707,1344,Heavy
2026-09-24 11:44:35,2026-09-24 11:44:36,3,235,32,256,256,8,823.051,1338,Heavy
2026-09-24 11:44:36,2026-09-24 11:44:36,3,236,64,256,384,8,806.152,1390,Heavy
2026-09-24 11:44:37,2026-09-24 11:44:37,3,237,64,256,512,8,811.511,1355,Heavy
2026-09-24 11:44:37,2026-09-24 11:44:38,3,238,32,256,198,8,842.126,1355,Heavy
2026-09-24 11:44:38,2026-09-24 11:44:39,3,239,16,512,512,8,783.51,1357,Heavy
2026-09-24 11:44:39,2026-09-24 11:44:40,3,240,64,2048,384,8,769.414,1344,Heavy
2026-09-24 11:44:40,2026-09-24 11:44:41,4,241,64,1024,256,8,796.205,1325,Heavy
2026-09-24 11:44:41,2026-09-24 11:44:42,4,242,64,512,384,8,815.455,1384,Heavy
2026-09-24 11:44:42,2026-09-24 11:44:42,4,243,64,2048,198,8,784.416,1359,Heavy
2026-09-24 11:44:42,2026-09-24 11:44:43,4,244,16,2048,384,8,767.849,1359,Heavy
2026-09-24 11:44:43,2026-09-24 11:44:44,4,245,16,512,512,8,774.735,1323,Heavy
2026-09-24 11:44:44,2026-09-24 11:44:45,4,246,32,1024,198,8,786.825,1313,Heavy
2026-09-24 11:44:45,2026-09-24 11:44:46,4,247,32,2048,384,8,778.456,1360,Heavy
2026-09-24 11:44:46,2026-09-24 11:44:46,4,248,16,1024,384,8,761.078,1341,Heavy
2026-09-24 11:44:46,2026-09-24 11:44:47,4,249,64,512,198,8,811.435,1341,Heavy
2026-09-24 11:44:47,2026-09-24 11:44:48,4,250,16,512,256,8,805.833,1331,Heavy
2026-09-24 11:44:48,2026-09-24 11:44:49,4,251,64,128,512,8,840.23,1347,Heavy
2026-09-24 11:44:49,2026-09-24 11:44:50,4,252,32,2048,512,8,780.426,1370,Heavy
2026-09-24 11:44:50,2026-09-24 11:44:51,4,253,16,128,198,8,949.447,1364,Heavy
2026-09-24 11:44:51,2026-09-24 11:44:52,4,254,64,512,512,8,774.146,1574,Heavy
2026-09-24 11:44:52,2026-09-24 11:44:52,4,255,32,1024,256,8,796.255,1305,Heavy
2026-09-24 11:44:52,2026-09-24 11:44:53,4,256,16,128,384,8,878.985,1305,Heavy
2026-09-24 11:44:53,2026-09-24 11:44:54,4,257,16,1024,256,8,792.04,1331,Heavy
2026-09-24 11:44:54,2026-09-24 11:44:55,4,258,16,1024,512,8,771.278,1331,Heavy
2026-09-24 11:44:55,2026-09-24 11:44:56,4,259,64,256,384,8,817.87,1282,Heavy
2026-09-24 11:44:56,2026-09-24 11:44:57,4,260,64,1024,512,8,794.165,1345,Heavy
2026-09-24 11:44:57,2026-09-24 11:44:58,4,261,32,128,198,8,883.661,1362,Heavy
2026-09-24 11:44:58,2026-09-24 11:44:58,4,262,16,128,512,8,865.565,1443,Heavy
2026-09-24 11:44:59,2026-09-24 11:44:59,4,263,64,256,512,8,808.344,1328,Heavy
2026-09-24 11:44:59,2026-09-24 11:45:00,4,264,64,256,198,8,878.561,1328,Heavy
2026-09-24 11:45:00,2026-09-24 11:45:01,4,265,64,2048,384,8,785.245,1308,Heavy
2026-09-24 11:45:01,2026-09-24 11:45:02,4,266,64,128,198,8,878.244,1314,Heavy
2026-09-24 11:45:02,2026-09-24 11:45:03,4,267,64,256,256,8,847.096,1459,Heavy
2026-09-24 11:45:03,2026-09-24 11:45:04,4,268,32,1024,512,8,788.874,1330,Heavy
2026-09-24 11:45:04,2026-09-24 11:45:05,4,269,32,512,384,8,810.478,1276,Heavy
2026-09-24 11:45:05,2026-09-24 11:45:05,4,270,32,256,384,8,816.201,1289,Heavy
2026-09-24 11:45:05,2026-09-24 11:45:06,4,271,32,512,198,8,824.489,1289,Heavy
2026-09-24 11:45:06,2026-09-24 11:45:07,4,272,32,128,512,8,866.099,1297,Heavy
2026-09-24 11:45:07,2026-09-24 11:45:08,4,273,32,512,256,8,811.553,1312,Heavy
2026-09-24 11:45:08,2026-09-24 11:45:09,4,274,32,256,198,8,878.022,1312,Heavy
2026-09-24 11:45:09,2026-09-24 11:45:10,4,275,64,1024,198,8,808.284,1330,Heavy
2026-09-24 11:45:10,2026-09-24 11:45:11,4,276,64,2048,256,8,805.4,1275,Heavy
2026-09-24 11:45:11,2026-09-24 11:45:11,4,277,16,2048,198,8,808.237,1278,Heavy
2026-09-24 11:45:11,2026-09-24 11:45:12,4,278,32,1024,384,8,789.056,1278,Heavy
2026-09-24 11:45:12,2026-09-24 11:45:13,4,279,64,2048,512,8,806.627,1255,Heavy
2026-09-24 11:45:13,2026-09-24 11:45:14,4,280,32,128,384,8,870.243,1280,Heavy
2026-09-24 11:45:14,2026-09-24 11:45:15,4,281,32,512,512,8,792.457,1339,Heavy
2026-09-24 11:45:15,2026-09-24 11:45:16,4,282,16,2048,512,8,798.831,1276,Heavy
2026-09-24 11:45:16,2026-09-24 11:45:17,4,283,16,128,256,8,929.965,1313,Heavy
2026-09-24 11:45:17,2026-09-24 11:45:18,4,284,16,1024,198,8,816.021,1359,Heavy
2026-09-24 11:45:18,2026-09-24 11:45:18,4,285,16,512,384,8,806.855,1245,Heavy
2026-09-24 11:45:18,2026-09-24 11:45:19,4,286,16,256,256,8,855.183,1245,Heavy
2026-09-24 11:45:19,2026-09-24 11:45:20,4,287,32,256,512,8,827.195,1289,Heavy
2026-09-24 11:45:20,2026-09-24 11:45:21,4,288,32,128,256,8,896.109,1283,Heavy
2026-09-24 11:45:21,2026-09-24 11:45:22,4,289,64,128,256,8,903.341,1375,Heavy
2026-09-24 11:45:22,2026-09-24 11:45:23,4,290,16,256,512,8,824.505,1363,Heavy
2026-09-24 11:45:23,2026-09-24 11:45:24,4,291,64,1024,384,8,819.621,1237,Heavy
2026-09-24 11:45:24,2026-09-24 11:45:25,4,292,16,256,384,8,836.629,1240,Heavy
2026-09-24 11:45:25,2026-09-24 11:45:25,4,293,16,2048,256,8,802.767,1225,Heavy
2026-09-24 11:45:25,2026-09-24 11:45:26,4,294,32,2048,256,8,813.343,1225,Heavy
2026-09-24 11:45:26,2026-09-24 11:45:27,4,295,16,256,198,8,889.795,1237,Heavy
2026-09-24 11:45:27,2026-09-24 11:45:28,4,296,64,512,256,8,834.577,1309,Heavy
2026-09-24 11:45:28,2026-09-24 11:45:29,4,297,32,2048,198,8,810.957,1289,Heavy
2026-09-24 11:45:29,2026-09-24 11:45:30,4,298,64,128,384,8,880.524,1255,Heavy
2026-09-24 11:45:30,2026-09-24 11:45:31,4,299,32,256,256,8,867.916,1305,Heavy
2026-09-24 11:45:31,2026-09-24 11:45:32,4,300,16,512,198,8,850.385,1265,Heavy
2026-09-24 11:45:32,2026-09-24 11:45:33,5,301,16,2048,198,8,836.411,1242,Heavy
2026-09-24 11:45:33,2026-09-24 11:45:33,5,302,64,128,384,8,902.069,1287,Heavy
2026-09-24 11:45:34,2026-09-24 11:45:34,5,303,32,128,384,8,904.427,1285,Heavy
2026-09-24 11:45:34,2026-09-24 11:45:35,5,304,32,512,198,8,851.202,1285,Heavy
2026-09-24 11:45:35,2026-09-24 11:45:36,5,305,16,1024,198,8,828.714,1233,Heavy
2026-09-24 11:45:36,2026-09-24 11:45:37,5,306,32,1024,512,8,815.697,1237,Heavy
2026-09-24 11:45:37,2026-09-24 11:45:38,5,307,32,256,512,8,830.704,1234,Heavy
2026-09-24 11:45:38,2026-09-24 11:45:39,5,308,64,2048,384,8,820.625,1228,Heavy
2026-09-24 11:45:39,2026-09-24 11:45:40,5,309,16,256,512,8,838.128,1235,Heavy
2026-09-24 11:45:40,2026-09-24 11:45:40,5,310,32,2048,384,8,810.828,1233,Heavy
2026-09-24 11:45:41,2026-09-24 11:45:41,5,311,32,1024,256,8,822.481,1240,Heavy
2026-09-24 11:45:41,2026-09-24 11:45:42,5,312,64,2048,256,8,815.897,1240,Heavy
2026-09-24 11:45:42,2026-09-24 11:45:43,5,313,16,512,198,8,859.96,1267,Heavy
2026-09-24 11:45:43,2026-09-24 11:45:44,5,314,32,512,256,8,827.605,1266,Heavy
2026-09-24 11:45:44,2026-09-24 11:45:45,5,315,64,128,256,8,913.272,1276,Heavy
2026-09-24 11:45:45,2026-09-24 11:45:46,5,316,32,512,512,8,815.348,1305,Heavy
2026-09-24 11:45:46,2026-09-24 11:45:47,5,317,64,1024,256,8,824.207,1209,Heavy
2026-09-24 11:45:47,2026-09-24 11:45:47,5,318,16,2048,384,8,817.209,1204,Heavy
2026-09-24 11:45:48,2026-09-24 11:45:48,5,319,16,128,512,8,882.403,1257,Heavy
2026-09-24 11:45:48,2026-09-24 11:45:49,5,320,64,1024,198,8,847.372,1257,Heavy
2026-09-24 11:45:49,2026-09-24 11:45:50,5,321,64,256,256,8,871.27,1251,Heavy
2026-09-24 11:45:50,2026-09-24 11:45:51,5,322,16,1024,256,8,821.993,1253,Heavy
2026-09-24 11:45:51,2026-09-24 11:45:52,5,323,16,256,384,8,860.606,1201,Heavy
2026-09-24 11:45:52,2026-09-24 11:45:53,5,324,16,1024,512,8,812.517,1196,Heavy
2026-09-24 11:45:53,2026-09-24 11:45:54,5,325,32,256,198,8,897.621,1235,Heavy
2026-09-24 11:45:54,2026-09-24 11:45:55,5,326,64,256,512,8,858.568,,
2026-09-24 11:45:55,2026-09-24 11:45:56,5,327,64,512,256,8,853.995,1238,Heavy
2026-09-24 11:45:56,2026-09-24 11:45:56,5,328,16,512,256,8,845.793,1218,Heavy
2026-09-24 11:45:56,2026-09-24 11:45:57,5,329,64,128,512,8,884.54,1218,Heavy
2026-09-24 11:45:57,2026-09-24 11:45:58,5,330,64,256,384,8,868.173,1220,Heavy
2026-09-24 11:45:58,2026-09-24 11:45:59,5,331,16,2048,512,8,819.172,1260,Heavy
2026-09-24 11:45:59,2026-09-24 11:46:00,5,332,32,1024,384,8,831.869,1219,Heavy
2026-09-24 11:46:00,2026-09-24 11:46:01,5,333,32,256,256,8,874.202,1166,Heavy
2026-09-24 11:46:01,2026-09-24 11:46:02,5,334,32,128,256,8,923.487,1218,Heavy
2026-09-24 11:46:02,2026-09-24 11:46:03,5,335,64,512,512,8,836.456,1272,Heavy
2026-09-24 11:46:03,2026-09-24 11:46:04,5,336,16,128,198,8,998.541,1245,Heavy
2026-09-24 11:46:04,2026-09-24 11:46:05,5,337,32,2048,512,8,839.215,1376,Heavy
2026-09-24 11:46:05,2026-09-24 11:46:06,5,338,64,512,198,8,862.32,1240,Heavy
2026-09-24 11:46:06,2026-09-24 11:46:07,5,339,16,256,256,8,897.917,1200,Heavy
2026-09-24 11:46:07,2026-09-24 11:46:07,5,340,64,512,384,8,840.385,1239,Heavy
2026-09-24 11:46:07,2026-09-24 11:46:08,5,341,16,512,384,8,850.375,1239,Heavy
2026-09-24 11:46:08,2026-09-24 11:46:09,5,342,64,2048,198,8,841.968,1201,Heavy
2026-09-24 11:46:09,2026-09-24 11:46:10,5,343,32,512,384,8,832.821,1176,Heavy
2026-09-24 11:46:10,2026-09-24 11:46:11,5,344,32,2048,256,8,837.105,1188,Heavy
2026-09-24 11:46:11,2026-09-24 11:46:12,5,345,64,256,198,8,889.769,1182,Heavy
2026-09-24 11:46:12,2026-09-24 11:46:13,5,346,16,2048,256,8,835.794,1217,Heavy
2026-09-24 11:46:13,2026-09-24 11:46:14,5,347,32,256,384,8,854.053,1185,Heavy
2026-09-24 11:46:14,2026-09-24 11:46:15,5,348,64,128,198,8,910.927,1206,Heavy
2026-09-24 11:46:15,2026-09-24 11:46:16,5,349,16,256,198,8,930.072,1368,Heavy
2026-09-24 11:46:16,2026-09-24 11:46:16,5,350,32,128,512,8,896.7,1242,Heavy
2026-09-24 11:46:16,2026-09-24 11:46:17,5,351,64,1024,384,8,850.445,1242,Heavy
2026-09-24 11:46:17,2026-09-24 11:46:18,5,352,64,1024,512,8,836.706,1206,Heavy
2026-09-24 11:46:18,2026-09-24 11:46:19,5,353,16,1024,384,8,835.554,1177,Heavy
2026-09-24 11:46:19,2026-09-24 11:46:20,5,354,16,128,384,8,920.634,1168,Heavy
2026-09-24 11:46:20,2026-09-24 11:46:21,5,355,32,128,198,8,951.513,1208,Heavy
2026-09-24 11:46:21,2026-09-24 11:46:22,5,356,16,128,256,8,1076.65,1298,Heavy
2026-09-24 11:46:22,2026-09-24 11:46:23,5,357,64,2048,512,8,1091.87,1378,Heavy
2026-09-24 11:46:23,2026-09-24 11:46:24,5,358,32,1024,198,8,919.422,1301,Heavy
2026-09-24 11:46:24,2026-09-24 11:46:25,5,359,32,2048,198,8,877.206,1273,Heavy
2026-09-24 11:46:25,2026-09-24 11:46:26,5,360,16,512,512,8,936.76,1172,Heavy
2026-09-24 11:46:26,2026-09-24 11:46:27,6,361,16,1024,198,8,889.961,1200,Heavy
2026-09-24 11:46:27,2026-09-24 11:46:28,6,362,16,2048,198,8,905.511,1179,Heavy
2026-09-24 11:46:28,2026-09-24 11:46:29,6,363,16,256,384,8,907.949,1184,Heavy
2026-09-24 11:46:29,2026-09-24 11:46:30,6,364,16,512,256,8,1034.01,1190,Heavy
2026-09-24 11:46:30,2026-09-24 11:46:31,6,365,16,128,384,8,984.893,1280,Heavy
2026-09-24 11:46:31,2026-09-24 11:46:32,6,366,64,2048,384,8,870.077,1239,Heavy
2026-09-24 11:46:32,2026-09-24 11:46:33,6,367,16,2048,256,8,843.486,1180,Heavy
2026-09-24 11:46:33,2026-09-24 11:46:34,6,368,32,1024,384,8,838.731,1129,Heavy
2026-09-24 11:46:34,2026-09-24 11:46:35,6,369,16,2048,384,8,837.177,1162,Heavy
2026-09-24 11:46:35,2026-09-24 11:46:36,6,370,32,128,512,8,896.169,1170,Heavy
2026-09-24 11:46:36,2026-09-24 11:46:37,6,371,64,128,198,8,932.258,1233,Heavy
2026-09-24 11:46:37,2026-09-24 11:46:37,6,372,64,1024,384,8,839.559,1308,Heavy
2026-09-24 11:46:37,2026-09-24 11:46:38,6,373,32,128,256,8,939.642,1308,Heavy
2026-09-24 11:46:38,2026-09-24 11:46:39,6,374,16,1024,384,8,836.457,1197,Heavy
2026-09-24 11:46:39,2026-09-24 11:46:40,6,375,64,256,198,8,916.738,1211,Heavy
2026-09-24 11:46:40,2026-09-24 11:46:41,6,376,16,128,512,8,913.905,1168,Heavy
2026-09-24 11:46:41,2026-09-24 11:46:42,6,377,64,512,198,8,876.164,1203,Heavy
2026-09-24 11:46:42,2026-09-24 11:46:43,6,378,64,512,384,8,861.491,1167,Heavy
2026-09-24 11:46:43,2026-09-24 11:46:44,6,379,64,256,384,8,869.988,1162,Heavy
2026-09-24 11:46:44,2026-09-24 11:46:45,6,380,32,1024,512,8,844.638,1171,Heavy
2026-09-24 11:46:45,2026-09-24 11:46:46,6,381,32,2048,256,8,838.756,1183,Heavy
2026-09-24 11:46:46,2026-09-24 11:46:47,6,382,64,512,256,8,859.456,1169,Heavy
2026-09-24 11:46:47,2026-09-24 11:46:47,6,383,32,2048,384,8,834.632,1164,Heavy
2026-09-24 11:46:47,2026-09-24 11:46:48,6,384,64,256,512,8,858.538,1164,Heavy
2026-09-24 11:46:48,2026-09-24 11:46:49,6,385,32,256,384,8,874.225,1173,Heavy
2026-09-24 11:46:49,2026-09-24 11:46:50,6,386,16,1024,512,8,824.795,1190,Heavy
2026-09-24 11:46:50,2026-09-24 11:46:51,6,387,32,256,512,8,861.33,1157,Heavy
2026-09-24 11:46:51,2026-09-24 11:46:52,6,388,16,2048,512,8,827.703,1171,Heavy
2026-09-24 11:46:52,2026-09-24 11:46:53,6,389,64,1024,198,8,849.026,1175,Heavy
2026-09-24 11:46:53,2026-09-24 11:46:54,6,390,32,1024,198,8,859.949,1196,Heavy
2026-09-24 11:46:54,2026-09-24 11:46:55,6,391,16,256,512,8,852.772,1169,Heavy
2026-09-24 11:46:55,2026-09-24 11:46:56,6,392,16,128,198,8,1058.29,1256,Heavy
2026-09-24 11:46:56,2026-09-24 11:46:57,6,393,64,2048,256,8,840.814,1372,Heavy
2026-09-24 11:46:57,2026-09-24 11:46:57,6,394,64,1024,256,8,862.423,1149,Heavy
2026-09-24 11:46:57,2026-09-24 11:46:58,6,395,32,2048,512,8,838.032,1149,Heavy
2026-09-24 11:46:58,2026-09-24 11:46:59,6,396,32,256,198,8,908.97,1156,Heavy
2026-09-24 11:46:59,2026-09-24 11:47:00,6,397,32,1024,256,8,853.816,1189,Heavy
2026-09-24 11:47:00,2026-09-24 11:47:01,6,398,16,512,512,8,837.898,1170,Heavy
2026-09-24 11:47:01,2026-09-24 11:47:02,6,399,32,512,256,8,869.832,1151,Heavy
2026-09-24 11:47:02,2026-09-24 11:47:03,6,400,16,1024,256,8,839.78,1194,Heavy
2026-09-24 11:47:03,2026-09-24 11:47:04,6,401,64,128,256,8,929.102,1174,Heavy
2026-09-24 11:47:04,2026-09-24 11:47:05,6,402,64,512,512,8,859.64,1272,Heavy
2026-09-24 11:47:05,2026-09-24 11:47:06,6,403,64,2048,512,8,848.766,1163,Heavy
2026-09-24 11:47:06,2026-09-24 11:47:07,6,404,16,256,198,8,940.686,1189,Heavy
2026-09-24 11:47:07,2026-09-24 11:47:07,6,405,64,2048,198,8,852.38,1185,Heavy
2026-09-24 11:47:07,2026-09-24 11:47:08,6,406,32,512,512,8,854.661,1185,Heavy
2026-09-24 11:47:08,2026-09-24 11:47:09,6,407,32,128,384,8,920.837,1154,Heavy
2026-09-24 11:47:09,2026-09-24 11:47:10,6,408,64,1024,512,8,858.704,1188,Heavy
2026-09-24 11:47:10,2026-09-24 11:47:11,6,409,32,512,384,8,848.878,1173,Heavy
2026-09-24 11:47:11,2026-09-24 11:47:12,6,410,32,512,198,8,877.179,1157,Heavy
2026-09-24 11:47:12,2026-09-24 11:47:13,6,411,64,128,384,8,931.366,1188,Heavy
2026-09-24 11:47:13,2026-09-24 11:47:14,6,412,16,512,198,8,890.339,1201,Heavy
2026-09-24 11:47:14,2026-09-24 11:47:15,6,413,64,256,256,8,905.941,1173,Heavy
2026-09-24 11:47:15,2026-09-24 11:47:16,6,414,16,256,256,8,911.202,1171,Heavy
2026-09-24 11:47:16,2026-09-24 11:47:17,6,415,32,2048,198,8,864.701,1156,Heavy
2026-09-24 11:47:17,2026-09-24 11:47:18,6,416,64,128,512,8,912.664,1152,Heavy
2026-09-24 11:47:18,2026-09-24 11:47:19,6,417,32,128,198,8,964.989,1231,Heavy
2026-09-24 11:47:19,2026-09-24 11:47:20,6,418,16,512,384,8,850.328,1231,Heavy
2026-09-24 11:47:20,2026-09-24 11:47:21,6,419,32,256,256,8,909.368,1125,Heavy
2026-09-24 11:47:21,2026-09-24 11:47:22,6,420,16,128,256,8,992.653,1246,Heavy
2026-09-24 11:47:22,2026-09-24 11:47:23,7,421,16,256,198,8,962.322,1202,Heavy
2026-09-24 11:47:23,2026-09-24 11:47:23,7,422,32,2048,384,8,879.542,1154,Heavy
2026-09-24 11:47:24,2026-09-24 11:47:24,7,423,16,2048,256,8,850.311,1105,Heavy
2026-09-24 11:47:24,2026-09-24 11:47:25,7,424,64,256,198,8,928.752,1105,Heavy
2026-09-24 11:47:25,2026-09-24 11:47:26,7,425,64,1024,512,8,854.354,1160,Heavy
2026-09-24 11:47:26,2026-09-24 11:47:27,7,426,32,1024,384,8,852.529,1168,Heavy
2026-09-24 11:47:27,2026-09-24 11:47:28,7,427,64,128,198,8,927.618,1157,Heavy
2026-09-24 11:47:28,2026-09-24 11:47:29,7,428,32,1024,256,8,854.154,1310,Heavy
2026-09-24 11:47:29,2026-09-24 11:47:30,7,429,64,256,384,8,896.698,1131,Heavy
2026-09-24 11:47:30,2026-09-24 11:47:31,7,430,64,2048,198,8,867.198,1135,Heavy
2026-09-24 11:47:31,2026-09-24 11:47:32,7,431,32,2048,512,8,858.422,1127,Heavy
2026-09-24 11:47:32,2026-09-24 11:47:33,7,432,32,512,256,8,871.986,1128,Heavy
2026-09-24 11:47:33,2026-09-24 11:47:34,7,433,64,512,512,8,869.755,1150,Heavy
2026-09-24 11:47:34,2026-09-24 11:47:34,7,434,32,512,512,8,853.709,1142,Heavy
2026-09-24 11:47:34,2026-09-24 11:47:35,7,435,16,128,256,8,973.499,1142,Heavy
2026-09-24 11:47:35,2026-09-24 11:47:36,7,436,64,512,198,8,894.472,1279,Heavy
2026-09-24 11:47:36,2026-09-24 11:47:37,7,437,32,2048,198,8,858.9,1143,Heavy
2026-09-24 11:47:37,2026-09-24 11:47:38,7,438,16,512,256,8,890.183,1149,Heavy
2026-09-24 11:47:38,2026-09-24 11:47:39,7,439,16,1024,256,8,854.773,1147,Heavy
2026-09-24 11:47:39,2026-09-24 11:47:40,7,440,64,1024,384,8,862.891,1116,Heavy
2026-09-24 11:47:40,2026-09-24 11:47:41,7,441,16,2048,198,8,857.196,1130,Heavy
2026-09-24 11:47:41,2026-09-24 11:47:42,7,442,16,1024,198,8,862.991,1116,Heavy
2026-09-24 11:47:42,2026-09-24 11:47:43,7,443,64,256,256,8,910.281,1151,Heavy
2026-09-24 11:47:43,2026-09-24 11:47:44,7,444,16,512,512,8,852.695,1129,Heavy
2026-09-24 11:47:44,2026-09-24 11:47:45,7,445,32,2048,256,8,860.823,1122,Heavy
2026-09-24 11:47:45,2026-09-24 11:47:45,7,446,16,2048,384,8,837.181,1111,Heavy
2026-09-24 11:47:45,2026-09-24 11:47:46,7,447,32,512,198,8,893.189,1111,Heavy
2026-09-24 11:47:46,2026-09-24 11:47:47,7,448,32,256,256,8,901.043,1177,Heavy
2026-09-24 11:47:47,2026-09-24 11:47:48,7,449,16,128,384,8,948.064,1180,Heavy
2026-09-24 11:47:48,2026-09-24 11:47:49,7,450,16,512,384,8,866.696,1182,Heavy
2026-09-24 11:47:49,2026-09-24 11:47:50,7,451,64,512,256,8,878.337,1113,Heavy
2026-09-24 11:47:50,2026-09-24 11:47:51,7,452,64,2048,512,8,870.697,,
2026-09-24 11:47:51,2026-09-24 11:47:52,7,453,16,1024,384,8,842.929,1124,Heavy
2026-09-24 11:47:52,2026-09-24 11:47:53,7,454,64,256,512,8,884.15,1121,Heavy
2026-09-24 11:47:53,2026-09-24 11:47:54,7,455,64,128,256,8,933.424,1127,Heavy
2026-09-24 11:47:54,2026-09-24 11:47:55,7,456,32,256,384,8,885.536,1224,Heavy
2026-09-24 11:47:55,2026-09-24 11:47:56,7,457,16,256,384,8,899.357,1158,Heavy
2026-09-24 11:47:56,2026-09-24 11:47:57,7,458,64,128,384,8,933.302,1122,Heavy
2026-09-24 11:47:57,2026-09-24 11:47:58,7,459,64,128,512,8,940.354,1160,Heavy
2026-09-24 11:47:58,2026-09-24 11:47:59,7,460,16,128,512,8,934.363,1158,Heavy
2026-09-24 11:47:59,2026-09-24 11:48:00,7,461,32,256,512,8,895.045,1138,Heavy
2026-09-24 11:48:00,2026-09-24 11:48:01,7,462,32,128,512,8,930.647,1114,Heavy
2026-09-24 11:48:01,2026-09-24 11:48:02,7,463,32,128,256,8,968.733,1151,Heavy
2026-09-24 11:48:02,2026-09-24 11:48:02,7,464,64,512,384,8,868.75,1215,Heavy
2026-09-24 11:48:02,2026-09-24 11:48:03,7,465,64,2048,384,8,875.771,1215,Heavy
2026-09-24 11:48:03,2026-09-24 11:48:04,7,466,32,128,384,8,946.264,1117,Heavy
2026-09-24 11:48:04,2026-09-24 11:48:05,7,467,32,1024,198,8,875.961,1124,Heavy
2026-09-24 11:48:05,2026-09-24 11:48:06,7,468,64,2048,256,8,880.433,1140,Heavy
2026-09-24 11:48:06,2026-09-24 11:48:07,7,469,16,128,198,8,1027.71,1110,Heavy
2026-09-24 11:48:07,2026-09-24 11:48:08,7,470,32,1024,512,8,856.733,1204,Heavy
2026-09-24 11:48:08,2026-09-24 11:48:09,7,471,16,1024,512,8,846.521,1295,Heavy
2026-09-24 11:48:09,2026-09-24 11:48:10,7,472,16,256,256,8,930.376,1094,Heavy
2026-09-24 11:48:10,2026-09-24 11:48:11,7,473,16,512,198,8,899.321,1122,Heavy
2026-09-24 11:48:11,2026-09-24 11:48:12,7,474,32,128,198,8,962.602,1146,Heavy
2026-09-24 11:48:12,2026-09-24 11:48:13,7,475,32,512,384,8,864.325,1254,Heavy
2026-09-24 11:48:13,2026-09-24 11:48:14,7,476,16,2048,512,8,846.708,1176,Heavy
2026-09-24 11:48:14,2026-09-24 11:48:15,7,477,16,256,512,8,890.804,1086,Heavy
2026-09-24 11:48:15,2026-09-24 11:48:16,7,478,64,1024,198,8,872.226,1104,Heavy
2026-09-24 11:48:16,2026-09-24 11:48:17,7,479,64,1024,256,8,877.511,1144,Heavy
2026-09-24 11:48:17,2026-09-24 11:48:17,7,480,32,256,198,8,924.903,1147,Heavy
2026-09-24 11:48:18,2026-09-24 11:48:18,8,481,64,256,384,8,915.344,1170,Heavy
2026-09-24 11:48:18,2026-09-24 11:48:19,8,482,16,256,512,8,941.304,1170,Heavy
2026-09-24 11:48:20,2026-09-24 11:48:20,8,483,16,1024,198,8,874.582,1135,Heavy
2026-09-24 11:48:20,2026-09-24 11:48:21,8,484,64,2048,198,8,889.458,1135,Heavy
2026-09-24 11:48:21,2026-09-24 11:48:22,8,485,32,512,512,8,872.929,1103,Heavy
2026-09-24 11:48:22,2026-09-24 11:48:23,8,486,32,512,256,8,896.888,1116,Heavy
2026-09-24 11:48:23,2026-09-24 11:48:24,8,487,16,1024,512,8,842.687,1119,Heavy
2026-09-24 11:48:24,2026-09-24 11:48:25,8,488,32,256,256,8,921.826,1113,Heavy
2026-09-24 11:48:25,2026-09-24 11:48:26,8,489,16,512,256,8,882.822,1133,Heavy
2026-09-24 11:48:26,2026-09-24 11:48:27,8,490,64,256,256,8,904.754,1121,Heavy
2026-09-24 11:48:27,2026-09-24 11:48:28,8,491,16,1024,256,8,867.487,1144,Heavy
2026-09-24 11:48:28,2026-09-24 11:48:29,8,492,16,512,384,8,862.093,1125,Heavy
2026-09-24 11:48:29,2026-09-24 11:48:30,8,493,64,128,198,8,948.471,1120,Heavy
2026-09-24 11:48:30,2026-09-24 11:48:31,8,494,64,1024,256,8,874.27,1295,Heavy
2026-09-24 11:48:31,2026-09-24 11:48:32,8,495,32,2048,198,8,879.632,1099,Heavy
2026-09-24 11:48:32,2026-09-24 11:48:32,8,496,64,2048,384,8,864.838,1097,Heavy
2026-09-24 11:48:33,2026-09-24 11:48:33,8,497,16,256,198,8,976.4,1141,Heavy
2026-09-24 11:48:34,2026-09-24 11:48:34,8,498,32,1024,384,8,853.635,1149,Heavy
2026-09-24 11:48:34,2026-09-24 11:48:35,8,499,32,128,198,8,960.505,1149,Heavy
2026-09-24 11:48:35,2026-09-24 11:48:36,8,500,16,512,512,8,869.545,1190,Heavy
2026-09-24 11:48:36,2026-09-24 11:48:37,8,501,64,1024,384,8,868.537,1206,Heavy
2026-09-24 11:48:37,2026-09-24 11:48:38,8,502,64,1024,512,8,874.347,1089,Heavy
2026-09-24 11:48:38,2026-09-24 11:48:39,8,503,16,2048,512,8,843.139,1121,Heavy
2026-09-24 11:48:39,2026-09-24 11:48:40,8,504,32,128,512,8,937.123,1102,Heavy
2026-09-24 11:48:40,2026-09-24 11:48:41,8,505,64,128,256,8,942.935,1142,Heavy
2026-09-24 11:48:41,2026-09-24 11:48:42,8,506,64,512,198,8,899.277,1230,Heavy
2026-09-24 11:48:42,2026-09-24 11:48:43,8,507,16,2048,256,8,864.432,1126,Heavy
2026-09-24 11:48:43,2026-09-24 11:48:44,8,508,64,1024,198,8,884.382,1090,Heavy
2026-09-24 11:48:44,2026-09-24 11:48:45,8,509,32,128,256,8,967.961,1133,Heavy
2026-09-24 11:48:45,2026-09-24 11:48:46,8,510,16,2048,384,8,851.801,1189,Heavy
2026-09-24 11:48:46,2026-09-24 11:48:47,8,511,32,1024,256,8,884.669,1072,Heavy
2026-09-24 11:48:47,2026-09-24 11:48:47,8,512,32,512,384,8,864.84,1105,Heavy
2026-09-24 11:48:48,2026-09-24 11:48:48,8,513,32,1024,512,8,866.12,1094,Heavy
2026-09-24 11:48:48,2026-09-24 11:48:49,8,514,64,256,512,8,883.104,1094,Heavy
2026-09-24 11:48:49,2026-09-24 11:48:50,8,515,64,2048,512,8,867.499,1113,Heavy
2026-09-24 11:48:50,2026-09-24 11:48:51,8,516,16,256,256,8,931.567,1118,Heavy
2026-09-24 11:48:51,2026-09-24 11:48:52,8,517,16,128,198,8,1031.89,1148,Heavy
2026-09-24 11:48:52,2026-09-24 11:48:53,8,518,16,1024,384,8,852.272,1334,Heavy
2026-09-24 11:48:53,2026-09-24 11:48:54,8,519,32,128,384,8,949.213,1153,Heavy
2026-09-24 11:48:54,2026-09-24 11:48:55,8,520,16,256,384,8,910.24,1119,Heavy
2026-09-24 11:48:55,2026-09-24 11:48:56,8,521,32,1024,198,8,875.403,1116,Heavy
2026-09-24 11:48:56,2026-09-24 11:48:57,8,522,64,128,384,8,958.652,1117,Heavy
2026-09-24 11:48:57,2026-09-24 11:48:58,8,523,32,2048,256,8,864.093,1138,Heavy
2026-09-24 11:48:58,2026-09-24 11:48:59,8,524,32,256,384,8,908.015,1088,Heavy
2026-09-24 11:48:59,2026-09-24 11:49:00,8,525,64,128,512,8,939.478,1113,Heavy
2026-09-24 11:49:00,2026-09-24 11:49:01,8,526,32,256,512,8,882.637,1124,Heavy
2026-09-24 11:49:01,2026-09-24 11:49:02,8,527,32,512,198,8,918.592,1095,Heavy
2026-09-24 11:49:02,2026-09-24 11:49:03,8,528,32,2048,384,8,853.306,1099,Heavy
2026-09-24 11:49:03,2026-09-24 11:49:04,8,529,64,512,512,8,892.572,1091,Heavy
2026-09-24 11:49:04,2026-09-24 11:49:05,8,530,16,128,256,8,997.738,1203,Heavy
2026-09-24 11:49:05,2026-09-24 11:49:06,8,531,32,2048,512,8,867.058,1156,Heavy
2026-09-24 11:49:06,2026-09-24 11:49:06,8,532,16,2048,198,8,871.003,1080,Heavy
2026-09-24 11:49:06,2026-09-24 11:49:07,8,533,64,256,198,8,946.227,1080,Heavy
2026-09-24 11:49:07,2026-09-24 11:49:08,8,534,16,128,384,8,969.457,1116,Heavy
2026-09-24 11:49:08,2026-09-24 11:49:09,8,535,16,128,512,8,945.28,1157,Heavy
2026-09-24 11:49:09,2026-09-24 11:49:10,8,536,64,512,256,8,894.585,1129,Heavy
2026-09-24 11:49:10,2026-09-24 11:49:11,8,537,32,256,198,8,950.447,1103,Heavy
2026-09-24 11:49:11,2026-09-24 11:49:12,8,538,16,512,198,8,927.188,1103,Heavy
2026-09-24 11:49:12,2026-09-24 11:49:13,8,539,64,2048,256,8,878.636,1113,Heavy
2026-09-24 11:49:13,2026-09-24 11:49:14,8,540,64,512,384,8,888.682,1106,Heavy
2026-09-24 11:49:14,2026-09-24 11:49:15,9,541,16,128,198,8,1058.65,1117,Heavy
2026-09-24 11:49:15,2026-09-24 11:49:16,9,542,16,256,512,8,902.539,1322,Heavy
2026-09-24 11:49:16,2026-09-24 11:49:17,9,543,64,128,384,8,955.634,1113,Heavy
2026-09-24 11:49:17,2026-09-24 11:49:18,9,544,16,1024,256,8,888.868,1112,Heavy
2026-09-24 11:49:18,2026-09-24 11:49:19,9,545,64,256,512,8,893.877,1073,Heavy
2026-09-24 11:49:19,2026-09-24 11:49:20,9,546,16,256,198,8,982.832,1094,Heavy
2026-09-24 11:49:20,2026-09-24 11:49:21,9,547,64,256,256,8,923.598,1135,Heavy
2026-09-24 11:49:21,2026-09-24 11:49:22,9,548,32,512,512,8,876.296,1097,Heavy
2026-09-24 11:49:22,2026-09-24 11:49:23,9,549,16,1024,198,8,895.713,1070,Heavy
2026-09-24 11:49:23,2026-09-24 11:49:24,9,550,64,2048,384,8,880.981,1078,Heavy
2026-09-24 11:49:24,2026-09-24 11:49:25,9,551,32,128,198,8,978.724,1179,Heavy
2026-09-24 11:49:25,2026-09-24 11:49:26,9,552,64,2048,512,8,876.216,1198,Heavy
2026-09-24 11:49:26,2026-09-24 11:49:27,9,553,32,128,384,8,970.602,1087,Heavy
2026-09-24 11:49:27,2026-09-24 11:49:28,9,554,32,2048,198,8,879.902,1109,Heavy
2026-09-24 11:49:28,2026-09-24 11:49:29,9,555,16,256,256,8,954.962,1070,Heavy
2026-09-24 11:49:29,2026-09-24 11:49:30,9,556,16,2048,256,8,869.057,1094,Heavy
2026-09-24 11:49:30,2026-09-24 11:49:31,9,557,16,512,384,8,876.41,1049,Heavy
2026-09-24 11:49:31,2026-09-24 11:49:32,9,558,16,2048,384,8,884.11,1069,Heavy
2026-09-24 11:49:32,2026-09-24 11:49:32,9,559,64,512,384,8,879.4,1080,Heavy
2026-09-24 11:49:32,2026-09-24 11:49:33,9,560,64,512,256,8,906.641,1080,Heavy
2026-09-24 11:49:33,2026-09-24 11:49:34,9,561,32,1024,198,8,878.189,1114,Heavy
2026-09-24 11:49:34,2026-09-24 11:49:35,9,562,64,1024,198,8,904.981,1101,Heavy
2026-09-24 11:49:35,2026-09-24 11:49:36,9,563,16,512,198,8,915.727,1094,Heavy
2026-09-24 11:49:36,2026-09-24 11:49:37,9,564,64,256,198,8,952.038,,
2026-09-24 11:49:37,2026-09-24 11:49:38,9,565,64,1024,256,8,880.331,1099,Heavy
2026-09-24 11:49:38,2026-09-24 11:49:39,9,566,64,128,256,8,967.199,1114,Heavy
2026-09-24 11:49:39,2026-09-24 11:49:40,9,567,16,256,384,8,920.228,1113,Heavy
2026-09-24 11:49:40,2026-09-24 11:49:41,9,568,32,512,256,8,904.892,1152,Heavy
2026-09-24 11:49:41,2026-09-24 11:49:42,9,569,16,512,512,8,890.202,1059,Heavy
2026-09-24 11:49:42,2026-09-24 11:49:43,9,570,32,2048,256,8,879.28,1067,Heavy
2026-09-24 11:49:43,2026-09-24 11:49:44,9,571,32,512,384,8,892.943,1051,Heavy
2026-09-24 11:49:44,2026-09-24 11:49:45,9,572,32,256,384,8,899.836,1065,Heavy
2026-09-24 11:49:45,2026-09-24 11:49:46,9,573,32,128,256,8,990.952,1073,Heavy
2026-09-24 11:49:46,2026-09-24 11:49:47,9,574,16,1024,384,8,868.868,1144,Heavy
2026-09-24 11:49:47,2026-09-24 11:49:48,9,575,32,256,198,8,964.187,1093,Heavy
2026-09-24 11:49:48,2026-09-24 11:49:49,9,576,64,2048,256,8,886.223,1076,Heavy
2026-09-24 11:49:49,2026-09-24 11:49:50,9,577,16,128,512,8,962.439,1091,Heavy
2026-09-24 11:49:50,2026-09-24 11:49:51,9,578,16,1024,512,8,876.241,1081,Heavy
2026-09-24 11:49:51,2026-09-24 11:49:52,9,579,64,256,384,8,908.291,1056,Heavy
2026-09-24 11:49:52,2026-09-24 11:49:53,9,580,64,512,512,8,900.933,1074,Heavy
2026-09-24 11:49:53,2026-09-24 11:49:53,9,581,32,2048,384,8,874.253,1098,Heavy
2026-09-24 11:49:53,2026-09-24 11:49:54,9,582,64,128,512,8,958.094,1098,Heavy
2026-09-24 11:49:54,2026-09-24 11:49:55,9,583,16,512,256,8,901.697,1070,Heavy
2026-09-24 11:49:55,2026-09-24 11:49:56,9,584,32,256,256,8,946.414,1105,Heavy
2026-09-24 11:49:56,2026-09-24 11:49:57,9,585,16,2048,198,8,887.79,1067,Heavy
2026-09-24 11:49:57,2026-09-24 11:49:58,9,586,32,1024,256,8,888.865,1091,Heavy
2026-09-24 11:49:58,2026-09-24 11:49:59,9,587,64,2048,198,8,906.864,1039,Heavy
2026-09-24 11:49:59,2026-09-24 11:50:00,9,588,64,128,198,8,965.693,1053,Heavy
2026-09-24 11:50:00,2026-09-24 11:50:01,9,589,32,128,512,8,955.87,1156,Heavy
2026-09-24 11:50:01,2026-09-24 11:50:02,9,590,16,128,256,8,1038.34,1164,Heavy
2026-09-24 11:50:02,2026-09-24 11:50:03,9,591,32,2048,512,8,899.952,1119,Heavy
2026-09-24 11:50:03,2026-09-24 11:50:04,9,592,32,1024,384,8,885.566,1133,Heavy
2026-09-24 11:50:04,2026-09-24 11:50:05,9,593,64,1024,384,8,898.066,1015,Heavy
2026-09-24 11:50:05,2026-09-24 11:50:06,9,594,32,256,512,8,902.996,1037,Heavy
2026-09-24 11:50:06,2026-09-24 11:50:07,9,595,64,512,198,8,924.475,1070,Heavy
2026-09-24 11:50:07,2026-09-24 11:50:08,9,596,64,1024,512,8,885.633,1062,Heavy
2026-09-24 11:50:08,2026-09-24 11:50:09,9,597,16,128,384,8,992.637,1078,Heavy
2026-09-24 11:50:09,2026-09-24 11:50:10,9,598,16,2048,512,8,886.015,1094,Heavy
2026-09-24 11:50:10,2026-09-24 11:50:11,9,599,32,512,198,8,917.26,1059,Heavy
2026-09-24 11:50:11,2026-09-24 11:50:12,9,600,32,1024,512,8,887.039,1058,Heavy
2026-09-24 11:50:12,2026-09-24 11:50:13,10,601,32,128,384,8,982.365,1061,Heavy
2026-09-24 11:50:13,2026-09-24 11:50:14,10,602,32,2048,198,8,916.804,1093,Heavy
2026-09-24 11:50:14,2026-09-24 11:50:15,10,603,32,2048,512,8,885.663,1072,Heavy
2026-09-24 11:50:15,2026-09-24 11:50:16,10,604,32,256,256,8,947.511,1041,Heavy
2026-09-24 11:50:16,2026-09-24 11:50:17,10,605,16,128,512,8,954.157,1097,Heavy
2026-09-24 11:50:17,2026-09-24 11:50:18,10,606,32,2048,256,8,892.768,1098,Heavy
2026-09-24 11:50:18,2026-09-24 11:50:19,10,607,16,1024,256,8,895.393,1035,Heavy
2026-09-24 11:50:19,2026-09-24 11:50:20,10,608,16,128,256,8,1028.4,1057,Heavy
2026-09-24 11:50:20,2026-09-24 11:50:21,10,609,32,512,384,8,902.305,1180,Heavy
2026-09-24 11:50:21,2026-09-24 11:50:22,10,610,16,512,512,8,895.658,1025,Heavy
2026-09-24 11:50:22,2026-09-24 11:50:23,10,611,32,128,198,8,1003.5,1067,Heavy
2026-09-24 11:50:23,2026-09-24 11:50:24,10,612,16,256,512,8,911.252,1199,Heavy
2026-09-24 11:50:24,2026-09-24 11:50:25,10,613,64,1024,198,8,923.244,1025,Heavy
2026-09-24 11:50:25,2026-09-24 11:50:26,10,614,64,128,512,8,956.872,1046,Heavy
2026-09-24 11:50:26,2026-09-24 11:50:27,10,615,16,256,198,8,1006.99,1070,Heavy
2026-09-24 11:50:27,2026-09-24 11:50:28,10,616,64,512,384,8,902.937,1097,Heavy
2026-09-24 11:50:28,2026-09-24 11:50:29,10,617,64,256,198,8,969.113,1036,Heavy
2026-09-24 11:50:29,2026-09-24 11:50:30,10,618,16,128,384,8,997.033,1084,Heavy
2026-09-24 11:50:30,2026-09-24 11:50:31,10,619,64,128,198,8,992.471,1124,Heavy
2026-09-24 11:50:31,2026-09-24 11:50:32,10,620,32,1024,198,8,917.027,1157,Heavy
2026-09-24 11:50:32,2026-09-24 11:50:33,10,621,64,128,384,8,991.247,1006,Heavy
2026-09-24 11:50:33,2026-09-24 11:50:34,10,622,32,128,256,8,1004.81,1077,Heavy
2026-09-24 11:50:34,2026-09-24 11:50:35,10,623,32,1024,256,8,918.588,1109,Heavy
2026-09-24 11:50:35,2026-09-24 11:50:36,10,624,16,1024,512,8,899.724,991,Heavy
2026-09-24 11:50:36,2026-09-24 11:50:37,10,625,16,512,256,8,924.932,1001,Heavy
2026-09-24 11:50:37,2026-09-24 11:50:38,10,626,32,2048,384,8,897.043,1026,Heavy
2026-09-24 11:50:38,2026-09-24 11:50:38,10,627,16,2048,512,8,885.88,1013,Heavy
2026-09-24 11:50:39,2026-09-24 11:50:39,10,628,64,512,256,8,921.626,1031,Heavy
2026-09-24 11:50:39,2026-09-24 11:50:40,10,629,32,1024,384,8,880.336,1031,Heavy
2026-09-24 11:50:40,2026-09-24 11:50:41,10,630,32,128,512,8,964.884,1047,Heavy
2026-09-24 11:50:41,2026-09-24 11:50:42,10,631,32,512,256,8,910.576,1056,Heavy
2026-09-24 11:50:42,2026-09-24 11:50:43,10,632,64,1024,256,8,913.077,1072,Heavy
2026-09-24 11:50:43,2026-09-24 11:50:44,10,633,32,256,198,8,964.585,1052,Heavy
2026-09-24 11:50:44,2026-09-24 11:50:45,10,634,64,2048,384,8,890.26,1070,Heavy
2026-09-24 11:50:45,2026-09-24 11:50:46,10,635,64,2048,512,8,906.073,1059,Heavy
2026-09-24 11:50:46,2026-09-24 11:50:47,10,636,16,512,198,8,932.86,1048,Heavy
2026-09-24 11:50:47,2026-09-24 11:50:48,10,637,32,512,198,8,927.82,1056,Heavy
2026-09-24 11:50:48,2026-09-24 11:50:49,10,638,64,256,512,8,910.137,1065,Heavy
2026-09-24 11:50:49,2026-09-24 11:50:50,10,639,64,512,198,8,936.785,1056,Heavy
2026-09-24 11:50:50,2026-09-24 11:50:51,10,640,64,128,256,8,980.918,1064,Heavy
2026-09-24 11:50:51,2026-09-24 11:50:52,10,641,32,256,512,8,926.796,1136,Heavy
2026-09-24 11:50:52,2026-09-24 11:50:53,10,642,64,1024,384,8,902.877,1044,Heavy
2026-09-24 11:50:53,2026-09-24 11:50:54,10,643,16,256,256,8,976.991,1043,Heavy
2026-09-24 11:50:54,2026-09-24 11:50:55,10,644,16,2048,384,8,883.518,1073,Heavy
2026-09-24 11:50:55,2026-09-24 11:50:56,10,645,32,1024,512,8,887.104,1012,Heavy
2026-09-24 11:50:56,2026-09-24 11:50:57,10,646,16,2048,198,8,905.559,1037,Heavy
2026-09-24 11:50:57,2026-09-24 11:50:58,10,647,16,2048,256,8,887.757,1031,Heavy
2026-09-24 11:50:58,2026-09-24 11:50:59,10,648,16,1024,198,8,914.41,1029,Heavy
2026-09-24 11:50:59,2026-09-24 11:51:00,10,649,32,256,384,8,920.619,1046,Heavy
2026-09-24 11:51:00,2026-09-24 11:51:01,10,650,16,256,384,8,931.907,1056,Heavy
2026-09-24 11:51:01,2026-09-24 11:51:02,10,651,64,2048,198,8,906.728,1047,Heavy
2026-09-24 11:51:02,2026-09-24 11:51:03,10,652,64,1024,512,8,902.544,1054,Heavy
2026-09-24 11:51:03,2026-09-24 11:51:04,10,653,64,256,384,8,920.141,1058,Heavy
2026-09-24 11:51:04,2026-09-24 11:51:05,10,654,64,2048,256,8,904.007,1055,Heavy
2026-09-24 11:51:05,2026-09-24 11:51:05,10,655,16,512,384,8,903.093,1022,Heavy
2026-09-24 11:51:06,2026-09-24 11:51:06,10,656,64,512,512,8,897.791,1058,Heavy
2026-09-24 11:51:06,2026-09-24 11:51:07,10,657,32,512,512,8,899.593,1058,Heavy
2026-09-24 11:51:07,2026-09-24 11:51:08,10,658,64,256,256,8,931.028,1045,Heavy
2026-09-24 11:51:08,2026-09-24 11:51:09,10,659,16,128,198,8,1066.96,1078,Heavy
2026-09-24 11:51:09,2026-09-24 11:51:10,10,660,16,1024,384,8,891.737,1268,Heavy
2026-09-24 11:51:10,2026-09-24 11:51:11,11,661,16,256,512,8,942.128,1063,Heavy
2026-09-24 11:51:11,2026-09-24 11:51:12,11,662,16,128,198,8,1080.0,1034,Heavy
2026-09-24 11:51:13,2026-09-24 11:51:13,11,663,64,512,512,8,919.598,1085,Heavy
2026-09-24 11:51:13,2026-09-24 11:51:14,11,664,32,128,256,8,1001.33,1085,Heavy
2026-09-24 11:51:15,2026-09-24 11:51:16,11,665,32,128,384,8,991.324,1083,Heavy
2026-09-24 11:51:16,2026-09-24 11:51:17,11,666,16,2048,256,8,948.944,1026,Heavy
2026-09-24 11:51:17,2026-09-24 11:51:17,11,667,16,1024,512,8,911.505,999,Heavy
2026-09-24 11:51:18,2026-09-24 11:51:18,11,668,16,512,256,8,928.309,1021,Heavy
2026-09-24 11:51:19,2026-09-24 11:51:19,11,669,64,128,512,8,961.027,1069,Heavy
2026-09-24 11:51:20,2026-09-24 11:51:20,11,670,64,256,198,8,971.555,1053,Heavy
2026-09-24 11:51:21,2026-09-24 11:51:21,11,671,32,2048,198,8,909.869,1017,Heavy
2026-09-24 11:51:21,2026-09-24 11:51:22,11,672,32,512,384,8,915.063,1017,Heavy
2026-09-24 11:51:22,2026-09-24 11:51:23,11,673,16,256,256,8,959.262,1019,Heavy
2026-09-24 11:51:23,2026-09-24 11:51:24,11,674,32,256,256,8,957.882,1062,Heavy
2026-09-24 11:51:24,2026-09-24 11:51:25,11,675,32,1024,256,8,904.125,1071,Heavy
2026-09-24 11:51:25,2026-09-24 11:51:26,11,676,64,128,384,8,982.705,1033,Heavy
2026-09-24 11:51:26,2026-09-24 11:51:27,11,677,32,256,384,8,932.887,1070,Heavy
2026-09-24 11:51:27,2026-09-24 11:51:28,11,678,16,1024,198,8,926.302,1027,Heavy
2026-09-24 11:51:28,2026-09-24 11:51:29,11,679,16,1024,384,8,891.826,1023,Heavy
2026-09-24 11:51:29,2026-09-24 11:51:30,11,680,16,2048,198,8,911.93,1001,Heavy
2026-09-24 11:51:30,2026-09-24 11:51:31,11,681,32,512,198,8,931.505,1020,Heavy
2026-09-24 11:51:31,2026-09-24 11:51:32,11,682,16,1024,256,8,902.059,1045,Heavy
2026-09-24 11:51:32,2026-09-24 11:51:33,11,683,64,1024,384,8,905.873,,
2026-09-24 11:51:33,2026-09-24 11:51:34,11,684,16,128,256,8,1099.63,1023,Heavy
2026-09-24 11:51:34,2026-09-24 11:51:35,11,685,64,1024,256,8,939.549,1092,Heavy
2026-09-24 11:51:35,2026-09-24 11:51:36,11,686,32,2048,256,8,933.055,1183,Heavy
2026-09-24 11:51:36,2026-09-24 11:51:37,11,687,64,1024,512,8,945.139,1011,Heavy
2026-09-24 11:51:37,2026-09-24 11:51:38,11,688,32,1024,198,8,1028.95,1014,Heavy
2026-09-24 11:51:38,2026-09-24 11:51:39,11,689,64,256,512,8,988.684,1047,Heavy
2026-09-24 11:51:39,2026-09-24 11:51:40,11,690,64,128,256,8,1075.22,1106,Heavy
2026-09-24 11:51:41,2026-09-24 11:51:41,11,691,64,512,384,8,988.89,1141,Heavy
2026-09-24 11:51:42,2026-09-24 11:51:43,11,692,32,128,198,8,1102.22,1035,Heavy
2026-09-24 11:51:43,2026-09-24 11:51:44,11,693,16,2048,384,8,945.59,1201,Heavy
2026-09-24 11:51:44,2026-09-24 11:51:45,11,694,16,256,384,8,1011.27,1025,Heavy
2026-09-24 11:51:45,2026-09-24 11:51:46,11,695,32,256,198,8,1075.79,1039,Heavy
2026-09-24 11:51:46,2026-09-24 11:51:47,11,696,64,128,198,8,1074.86,1079,Heavy
2026-09-24 11:51:47,2026-09-24 11:51:48,11,697,64,2048,198,8,975.836,1195,Heavy
2026-09-24 11:51:48,2026-09-24 11:51:49,11,698,64,1024,198,8,973.41,1088,Heavy
2026-09-24 11:51:49,2026-09-24 11:51:50,11,699,32,128,512,8,1045.0,1000,Heavy
2026-09-24 11:51:50,2026-09-24 11:51:51,11,700,64,512,256,8,985.563,1038,Heavy
2026-09-24 11:51:51,2026-09-24 11:51:52,11,701,64,256,256,8,1011.91,1047,Heavy
2026-09-24 11:51:52,2026-09-24 11:51:53,11,702,16,128,512,8,1061.75,1029,Heavy
2026-09-24 11:51:53,2026-09-24 11:51:54,11,703,64,2048,384,8,958.968,1047,Heavy
2026-09-24 11:51:54,2026-09-24 11:51:55,11,704,32,512,512,8,939.945,1056,Heavy
2026-09-24 11:51:55,2026-09-24 11:51:56,11,705,16,128,384,8,1116.04,1009,Heavy
2026-09-24 11:51:56,2026-09-24 11:51:57,11,706,32,2048,384,8,925.848,1029,Heavy
2026-09-24 11:51:57,2026-09-24 11:51:58,11,707,16,512,384,8,977.995,1099,Heavy
2026-09-24 11:51:58,2026-09-24 11:51:59,11,708,32,1024,512,8,919.224,997,Heavy
2026-09-24 11:51:59,2026-09-24 11:52:00,11,709,32,2048,512,8,961.346,1023,Heavy
2026-09-24 11:52:00,2026-09-24 11:52:01,11,710,64,256,384,8,962.385,1008,Heavy
2026-09-24 11:52:01,2026-09-24 11:52:02,11,711,16,512,198,8,1019.78,1047,Heavy
2026-09-24 11:52:03,2026-09-24 11:52:03,11,712,64,512,198,8,976.438,1077,Heavy
2026-09-24 11:52:04,2026-09-24 11:52:04,11,713,32,256,512,8,959.872,1044,Heavy
2026-09-24 11:52:05,2026-09-24 11:52:05,11,714,16,2048,512,8,936.837,1017,Heavy
2026-09-24 11:52:06,2026-09-24 11:52:07,11,715,16,256,198,8,1040.93,1005,Heavy
2026-09-24 11:52:07,2026-09-24 11:52:08,11,716,32,1024,384,8,923.13,1089,Heavy
2026-09-24 11:52:08,2026-09-24 11:52:09,11,717,64,2048,512,8,928.586,1000,Heavy
2026-09-24 11:52:09,2026-09-24 11:52:09,11,718,16,512,512,8,932.358,1011,Heavy
2026-09-24 11:52:10,2026-09-24 11:52:10,11,719,32,512,256,8,934.188,1017,Heavy
2026-09-24 11:52:11,2026-09-24 11:52:11,11,720,64,2048,256,8,931.632,1029,Heavy
2026-09-24 11:52:11,2026-09-24 11:52:12,12,721,16,2048,256,8,923.586,1029,Heavy
2026-09-24 11:52:12,2026-09-24 11:52:13,12,722,64,2048,384,8,946.629,1038,Heavy
2026-09-24 11:52:13,2026-09-24 11:52:14,12,723,16,512,256,8,945.368,1023,Heavy
2026-09-24 11:52:14,2026-09-24 11:52:15,12,724,32,256,384,8,949.079,1040,Heavy
2026-09-24 11:52:15,2026-09-24 11:52:16,12,725,64,1024,384,8,911.784,1028,Heavy
2026-09-24 11:52:16,2026-09-24 11:52:17,12,726,16,1024,256,8,920.846,1029,Heavy
2026-09-24 11:52:17,2026-09-24 11:52:18,12,727,64,512,256,8,948.78,1002,Heavy
2026-09-24 11:52:18,2026-09-24 11:52:19,12,728,32,1024,384,8,905.598,1008,Heavy
2026-09-24 11:52:19,2026-09-24 11:52:20,12,729,32,2048,384,8,917.625,1011,Heavy
2026-09-24 11:52:20,2026-09-24 11:52:21,12,730,32,128,198,8,1028.81,1008,Heavy
2026-09-24 11:52:21,2026-09-24 11:52:22,12,731,32,2048,256,8,932.047,1105,Heavy
2026-09-24 11:52:22,2026-09-24 11:52:23,12,732,16,512,198,8,969.163,1090,Heavy
2026-09-24 11:52:23,2026-09-24 11:52:24,12,733,16,512,512,8,931.193,1000,Heavy
2026-09-24 11:52:24,2026-09-24 11:52:25,12,734,64,256,512,8,944.964,1002,Heavy
2026-09-24 11:52:25,2026-09-24 11:52:26,12,735,32,512,384,8,942.461,991,Heavy
2026-09-24 11:52:26,2026-09-24 11:52:27,12,736,32,2048,512,8,921.03,996,Heavy
2026-09-24 11:52:27,2026-09-24 11:52:28,12,737,16,1024,512,8,926.643,976,Heavy
2026-09-24 11:52:28,2026-09-24 11:52:29,12,738,16,1024,384,8,915.847,986,Heavy
2026-09-24 11:52:29,2026-09-24 11:52:30,12,739,32,2048,198,8,936.252,983,Heavy
2026-09-24 11:52:30,2026-09-24 11:52:31,12,740,32,1024,198,8,945.177,988,Heavy
2026-09-24 11:52:31,2026-09-24 11:52:32,12,741,64,512,384,8,946.606,990,Heavy
2026-09-24 11:52:32,2026-09-24 11:52:33,12,742,16,2048,198,8,951.599,996,Heavy
2026-09-24 11:52:33,2026-09-24 11:52:34,12,743,64,1024,512,8,937.37,993,Heavy
2026-09-24 11:52:34,2026-09-24 11:52:35,12,744,64,2048,512,8,955.017,999,Heavy
2026-09-24 11:52:35,2026-09-24 11:52:36,12,745,16,512,384,8,937.842,990,Heavy
2026-09-24 11:52:36,2026-09-24 11:52:37,12,746,16,128,256,8,1103.92,976,Heavy
2026-09-24 11:52:37,2026-09-24 11:52:38,12,747,32,256,512,8,961.359,1124,Heavy
2026-09-24 11:52:38,2026-09-24 11:52:39,12,748,16,256,512,8,979.634,1029,Heavy
2026-09-24 11:52:39,2026-09-24 11:52:40,12,749,32,512,198,8,986.684,973,Heavy
2026-09-24 11:52:40,2026-09-24 11:52:41,12,750,32,128,384,8,1050.42,977,Heavy
2026-09-24 11:52:41,2026-09-24 11:52:42,12,751,16,256,256,8,1038.06,1012,Heavy
2026-09-24 11:52:43,2026-09-24 11:52:44,12,752,64,512,512,8,975.058,976,Heavy
2026-09-24 11:52:44,2026-09-24 11:52:45,12,753,16,2048,384,8,957.82,949,Heavy
2026-09-24 11:52:45,2026-09-24 11:52:46,12,754,32,128,512,8,1035.82,979,Heavy
2026-09-24 11:52:46,2026-09-24 11:52:47,12,755,64,256,198,8,1036.96,990,Heavy
2026-09-24 11:52:47,2026-09-24 11:52:48,12,756,64,256,384,8,1003.74,982,Heavy
2026-09-24 11:52:48,2026-09-24 11:52:49,12,757,64,1024,198,8,983.725,957,Heavy
2026-09-24 11:52:49,2026-09-24 11:52:50,12,758,16,128,512,8,1060.02,968,Heavy
2026-09-24 11:52:50,2026-09-24 11:52:51,12,759,64,128,198,8,1058.35,991,Heavy
2026-09-24 11:52:51,2026-09-24 11:52:52,12,760,64,2048,198,8,989.3,1086,Heavy
2026-09-24 11:52:52,2026-09-24 11:52:53,12,761,32,128,256,8,1085.09,925,Heavy
2026-09-24 11:52:53,2026-09-24 11:52:54,12,762,32,256,256,8,1049.55,1011,Heavy
2026-09-24 11:52:54,2026-09-24 11:52:55,12,763,32,1024,256,8,983.093,942,Heavy
2026-09-24 11:52:55,2026-09-24 11:52:56,12,764,32,512,256,8,1026.87,917,Heavy
2026-09-24 11:52:56,2026-09-24 11:52:57,12,765,64,1024,256,8,978.518,940,Heavy
2026-09-24 11:52:57,2026-09-24 11:52:58,12,766,32,512,512,8,999.109,926,Heavy
2026-09-24 11:52:58,2026-09-24 11:52:59,12,767,64,512,198,8,1006.32,970,Heavy
2026-09-24 11:53:00,2026-09-24 11:53:01,12,768,64,256,256,8,1044.61,974,Heavy
2026-09-24 11:53:01,2026-09-24 11:53:02,12,769,32,256,198,8,1064.45,980,Heavy
2026-09-24 11:53:02,2026-09-24 11:53:03,12,770,64,128,256,8,1072.9,1016,Heavy
2026-09-24 11:53:03,2026-09-24 11:53:04,12,771,16,1024,198,8,1004.93,976,Heavy
2026-09-24 11:53:04,2026-09-24 11:53:05,12,772,16,128,384,8,1109.99,928,Heavy
2026-09-24 11:53:05,2026-09-24 11:53:06,12,773,16,256,198,8,1092.41,961,Heavy
2026-09-24 11:53:06,2026-09-24 11:53:07,12,774,16,2048,512,8,1006.45,952,Heavy
2026-09-24 11:53:07,2026-09-24 11:53:08,12,775,64,128,384,8,1074.6,889,Heavy
2026-09-24 11:53:08,2026-09-24 11:53:09,12,776,64,2048,256,8,1001.36,934,Heavy
2026-09-24 11:53:09,2026-09-24 11:53:10,12,777,16,256,384,8,1027.85,925,Heavy
2026-09-24 11:53:11,2026-09-24 11:53:12,12,778,32,1024,512,8,986.413,923,Heavy
2026-09-24 11:53:12,2026-09-24 11:53:13,12,779,64,128,512,8,1041.22,956,Heavy
2026-09-24 11:53:13,2026-09-24 11:53:14,12,780,16,128,198,8,1155.46,1083,Heavy
2026-09-24 11:53:14,2026-09-24 11:53:15,13,781,64,1024,384,8,996.226,1045,Heavy
2026-09-24 11:53:15,2026-09-24 11:53:16,13,782,32,128,512,8,1079.3,938,Heavy
2026-09-24 11:53:16,2026-09-24 11:53:17,13,783,64,2048,198,8,1004.76,926,Heavy
2026-09-24 11:53:17,2026-09-24 11:53:18,13,784,64,128,512,8,1077.12,923,Heavy
2026-09-24 11:53:18,2026-09-24 11:53:19,13,785,32,512,198,8,1046.01,932,Heavy
2026-09-24 11:53:19,2026-09-24 11:53:20,13,786,32,2048,198,8,1020.3,899,Heavy
2026-09-24 11:53:20,2026-09-24 11:53:21,13,787,16,256,256,8,1057.49,883,Heavy
2026-09-24 11:53:21,2026-09-24 11:53:23,13,788,64,256,198,8,1063.71,907,Heavy
2026-09-24 11:53:23,2026-09-24 11:53:24,13,789,32,256,256,8,1043.87,929,Heavy
2026-09-24 11:53:24,2026-09-24 11:53:25,13,790,16,512,384,8,973.311,890,Heavy
2026-09-24 11:53:25,2026-09-24 11:53:26,13,791,16,2048,384,8,960.009,876,Heavy
2026-09-24 11:53:26,2026-09-24 11:53:27,13,792,64,128,256,8,1068.27,977,Heavy
2026-09-24 11:53:27,2026-09-24 11:53:28,13,793,32,128,256,8,1084.62,1009,Heavy
2026-09-24 11:53:28,2026-09-24 11:53:29,13,794,32,256,384,8,1014.91,938,Heavy
2026-09-24 11:53:29,2026-09-24 11:53:30,13,795,16,128,384,8,1097.99,,
2026-09-24 11:53:30,2026-09-24 11:53:31,13,796,64,512,256,8,1009.47,917,Heavy
2026-09-24 11:53:31,2026-09-24 11:53:32,13,797,64,512,384,8,1005.67,926,Heavy
2026-09-24 11:53:32,2026-09-24 11:53:33,13,798,64,2048,512,8,998.191,893,Heavy
2026-09-24 11:53:33,2026-09-24 11:53:34,13,799,16,1024,512,8,962.814,896,Heavy
2026-09-24 11:53:34,2026-09-24 11:53:35,13,800,64,1024,256,8,989.505,893,Heavy
2026-09-24 11:53:35,2026-09-24 11:53:36,13,801,64,128,384,8,1056.26,881,Heavy
2026-09-24 11:53:36,2026-09-24 11:53:38,13,802,32,128,384,8,1077.18,916,Heavy
2026-09-24 11:53:38,2026-09-24 11:53:39,13,803,16,256,512,8,1035.64,901,Heavy
2026-09-24 11:53:39,2026-09-24 11:53:40,13,804,16,2048,512,8,996.451,886,Heavy
2026-09-24 11:53:40,2026-09-24 11:53:41,13,805,64,512,512,8,998.773,870,Heavy
2026-09-24 11:53:41,2026-09-24 11:53:42,13,806,16,256,384,8,1014.03,879,Heavy
2026-09-24 11:53:42,2026-09-24 11:53:43,13,807,16,1024,384,8,967.628,896,Heavy
2026-09-24 11:53:43,2026-09-24 11:53:44,13,808,64,2048,384,8,995.57,893,Heavy
2026-09-24 11:53:44,2026-09-24 11:53:45,13,809,16,512,256,8,1004.56,894,Heavy
2026-09-24 11:53:45,2026-09-24 11:53:46,13,810,64,256,512,8,1011.83,899,Heavy
2026-09-24 11:53:46,2026-09-24 11:53:47,13,811,64,512,198,8,1023.44,917,Heavy
2026-09-24 11:53:47,2026-09-24 11:53:48,13,812,32,2048,384,8,990.178,920,Heavy
2026-09-24 11:53:48,2026-09-24 11:53:49,13,813,16,512,198,8,1035.49,902,Heavy
2026-09-24 11:53:49,2026-09-24 11:53:50,13,814,32,512,384,8,992.697,902,Heavy
2026-09-24 11:53:50,2026-09-24 11:53:51,13,815,64,2048,256,8,1014.11,908,Heavy
2026-09-24 11:53:51,2026-09-24 11:53:52,13,816,32,256,198,8,1089.76,888,Heavy
2026-09-24 11:53:52,2026-09-24 11:53:53,13,817,16,1024,198,8,1017.59,967,Heavy
2026-09-24 11:53:54,2026-09-24 11:53:55,13,818,16,512,512,8,995.31,875,Heavy
2026-09-24 11:53:55,2026-09-24 11:53:56,13,819,16,2048,256,8,979.88,863,Heavy
2026-09-24 11:53:56,2026-09-24 11:53:57,13,820,64,256,384,8,1046.86,863,Heavy
2026-09-24 11:53:57,2026-09-24 11:53:58,13,821,64,1024,512,8,998.006,891,Heavy
2026-09-24 11:53:58,2026-09-24 11:53:59,13,822,32,1024,198,8,1047.93,885,Heavy
2026-09-24 11:53:59,2026-09-24 11:54:00,13,823,16,256,198,8,1091.66,902,Heavy
2026-09-24 11:54:00,2026-09-24 11:54:01,13,824,32,256,512,8,1040.13,946,Heavy
2026-09-24 11:54:01,2026-09-24 11:54:02,13,825,32,512,256,8,1060.57,921,Heavy
2026-09-24 11:54:02,2026-09-24 11:54:03,13,826,16,128,198,8,1190.38,899,Heavy
2026-09-24 11:54:03,2026-09-24 11:54:04,13,827,64,1024,198,8,1037.7,1017,Heavy
2026-09-24 11:54:05,2026-09-24 11:54:06,13,828,16,128,256,8,1157.11,901,Heavy
2026-09-24 11:54:06,2026-09-24 11:54:07,13,829,32,512,512,8,1029.51,982,Heavy
2026-09-24 11:54:07,2026-09-24 11:54:08,13,830,16,128,512,8,1098.56,854,Heavy
2026-09-24 11:54:08,2026-09-24 11:54:09,13,831,32,2048,512,8,1020.13,873,Heavy
2026-09-24 11:54:09,2026-09-24 11:54:10,13,832,16,2048,198,8,1027.69,887,Heavy
2026-09-24 11:54:10,2026-09-24 11:54:11,13,833,32,128,198,8,1186.49,867,Heavy
2026-09-24 11:54:11,2026-09-24 11:54:13,13,834,32,1024,384,8,1212.59,999,Heavy
2026-09-24 11:54:13,2026-09-24 11:54:14,13,835,32,1024,512,8,1188.13,1018,Heavy
2026-09-24 11:54:14,2026-09-24 11:54:15,13,836,64,128,198,8,1152.02,919,Heavy
2026-09-24 11:54:15,2026-09-24 11:54:16,13,837,64,256,256,8,1108.74,1043,Heavy
2026-09-24 11:54:16,2026-09-24 11:54:17,13,838,32,2048,256,8,1028.74,914,Heavy
2026-09-24 11:54:17,2026-09-24 11:54:18,13,839,16,1024,256,8,1048.2,876,Heavy
2026-09-24 11:54:18,2026-09-24 11:54:19,13,840,32,1024,256,8,1033.39,855,Heavy
2026-09-24 11:54:19,2026-09-24 11:54:21,14,841,32,128,384,8,1161.96,858,Heavy
2026-09-24 11:54:21,2026-09-24 11:54:22,14,842,64,512,256,8,1099.84,923,Heavy
2026-09-24 11:54:22,2026-09-24 11:54:23,14,843,32,2048,384,8,1066.99,866,Heavy
2026-09-24 11:54:23,2026-09-24 11:54:24,14,844,16,128,384,8,1228.41,846,Heavy
2026-09-24 11:54:24,2026-09-24 11:54:25,14,845,32,256,256,8,1141.06,979,Heavy
2026-09-24 11:54:25,2026-09-24 11:54:26,14,846,16,1024,512,8,1040.95,931,Heavy
2026-09-24 11:54:27,2026-09-24 11:54:28,14,847,16,256,512,8,1077.83,858,Heavy
2026-09-24 11:54:28,2026-09-24 11:54:29,14,848,32,256,198,8,1143.3,879,Heavy
2026-09-24 11:54:29,2026-09-24 11:54:30,14,849,16,2048,384,8,1011.6,902,Heavy
2026-09-24 11:54:30,2026-09-24 11:54:31,14,850,64,2048,512,8,1058.8,850,Heavy
2026-09-24 11:54:31,2026-09-24 11:54:32,14,851,16,512,256,8,1055.15,843,Heavy
2026-09-24 11:54:32,2026-09-24 11:54:33,14,852,64,128,384,8,1115.26,865,Heavy
2026-09-24 11:54:33,2026-09-24 11:54:34,14,853,64,512,198,8,1075.26,902,Heavy
2026-09-24 11:54:34,2026-09-24 11:54:36,14,854,32,512,384,8,1112.92,902,Heavy
2026-09-24 11:54:36,2026-09-24 11:54:37,14,855,32,512,512,8,1134.09,905,Heavy
2026-09-24 11:54:37,2026-09-24 11:54:38,14,856,64,1024,384,8,1136.73,938,Heavy
2026-09-24 11:54:38,2026-09-24 11:54:39,14,857,16,128,198,8,1300.35,911,Heavy
2026-09-24 11:54:39,2026-09-24 11:54:40,14,858,64,1024,198,8,1031.74,1098,Heavy
2026-09-24 11:54:40,2026-09-24 11:54:42,14,859,64,256,256,8,1117.04,945,Heavy
2026-09-24 11:54:42,2026-09-24 11:54:43,14,860,16,512,198,8,1103.45,879,Heavy
2026-09-24 11:54:43,2026-09-24 11:54:44,14,861,16,128,256,8,1224.62,915,Heavy
2026-09-24 11:54:44,2026-09-24 11:54:45,14,862,16,1024,256,8,1041.91,955,Heavy
2026-09-24 11:54:45,2026-09-24 11:54:46,14,863,32,256,384,8,1080.29,842,Heavy
2026-09-24 11:54:46,2026-09-24 11:54:47,14,864,32,128,256,8,1175.04,841,Heavy
2026-09-24 11:54:47,2026-09-24 11:54:49,14,865,64,2048,198,8,1056.43,932,Heavy
2026-09-24 11:54:49,2026-09-24 11:54:50,14,866,16,1024,198,8,1064.01,852,Heavy
2026-09-24 11:54:50,2026-09-24 11:54:51,14,867,64,256,198,8,1119.39,861,Heavy
2026-09-24 11:54:51,2026-09-24 11:54:52,14,868,64,1024,256,8,1032.95,876,Heavy
2026-09-24 11:54:52,2026-09-24 11:54:53,14,869,64,256,384,8,1036.41,864,Heavy
2026-09-24 11:54:53,2026-09-24 11:54:54,14,870,32,2048,256,8,1020.12,864,Heavy
2026-09-24 11:54:54,2026-09-24 11:54:55,14,871,64,512,512,8,1006.17,856,Heavy
2026-09-24 11:54:55,2026-09-24 11:54:56,14,872,16,2048,198,8,1016.47,854,Heavy
2026-09-24 11:54:56,2026-09-24 11:54:57,14,873,32,1024,256,8,998.99,851,Heavy
2026-09-24 11:54:57,2026-09-24 11:54:58,14,874,32,512,198,8,1059.19,864,Heavy
2026-09-24 11:54:58,2026-09-24 11:54:59,14,875,64,512,384,8,999.129,864,Heavy
2026-09-24 11:54:59,2026-09-24 11:55:00,14,876,16,512,384,8,1016.09,885,Heavy
2026-09-24 11:55:01,2026-09-24 11:55:02,14,877,16,1024,384,8,989.522,867,Heavy
2026-09-24 11:55:02,2026-09-24 11:55:03,14,878,16,128,512,8,1110.1,884,Heavy
2026-09-24 11:55:03,2026-09-24 11:55:04,14,879,16,2048,256,8,1001.51,888,Heavy
2026-09-24 11:55:04,2026-09-24 11:55:05,14,880,32,1024,512,8,1000.85,864,Heavy
2026-09-24 11:55:05,2026-09-24 11:55:06,14,881,64,2048,384,8,997.763,867,Heavy
2026-09-24 11:55:06,2026-09-24 11:55:07,14,882,16,512,512,8,1004.41,873,Heavy
2026-09-24 11:55:07,2026-09-24 11:55:08,14,883,16,2048,512,8,985.783,867,Heavy
2026-09-24 11:55:08,2026-09-24 11:55:09,14,884,64,1024,512,8,1004.72,873,Heavy
2026-09-24 11:55:09,2026-09-24 11:55:10,14,885,64,128,512,8,1058.45,910,Heavy
2026-09-24 11:55:10,2026-09-24 11:55:11,14,886,64,128,256,8,1101.3,922,Heavy
2026-09-24 11:55:11,2026-09-24 11:55:12,14,887,32,2048,512,8,1005.47,955,Heavy
2026-09-24 11:55:12,2026-09-24 11:55:13,14,888,32,128,512,8,1093.44,855,Heavy
2026-09-24 11:55:14,2026-09-24 11:55:15,14,889,64,2048,256,8,1004.41,885,Heavy
2026-09-24 11:55:15,2026-09-24 11:55:16,14,890,32,2048,198,8,1015.08,864,Heavy
2026-09-24 11:55:16,2026-09-24 11:55:17,14,891,64,128,198,8,1081.13,980,Heavy
2026-09-24 11:55:17,2026-09-24 11:55:18,14,892,32,1024,384,8,1003.4,917,Heavy
2026-09-24 11:55:18,2026-09-24 11:55:19,14,893,16,256,256,8,1075.68,873,Heavy
2026-09-24 11:55:19,2026-09-24 11:55:20,14,894,32,128,198,8,1124.7,968,Heavy
2026-09-24 11:55:20,2026-09-24 11:55:21,14,895,64,256,512,8,1066.76,968,Heavy
2026-09-24 11:55:21,2026-09-24 11:55:22,14,896,16,256,384,8,1145.78,852,Heavy
2026-09-24 11:55:22,2026-09-24 11:55:24,14,897,16,256,198,8,1229.55,859,Heavy
2026-09-24 11:55:24,2026-09-24 11:55:25,14,898,32,512,256,8,1098.62,,
2026-09-24 11:55:25,2026-09-24 11:55:26,14,899,32,256,512,8,1077.34,887,Heavy
2026-09-24 11:55:26,2026-09-24 11:55:27,14,900,32,1024,198,8,1057.6,855,Heavy
2026-09-24 11:55:27,2026-09-24 11:55:28,15,901,16,2048,256,8,1051.68,857,Heavy
2026-09-24 11:55:28,2026-09-24 11:55:29,15,902,16,256,384,8,1116.8,861,Heavy
2026-09-24 11:55:29,2026-09-24 11:55:30,15,903,16,512,256,8,1042.75,855,Heavy
2026-09-24 11:55:31,2026-09-24 11:55:32,15,904,32,128,512,8,1079.83,854,Heavy
2026-09-24 11:55:32,2026-09-24 11:55:33,15,905,64,512,512,8,1021.98,861,Heavy
2026-09-24 11:55:33,2026-09-24 11:55:34,15,906,16,2048,512,8,997.955,879,Heavy
2026-09-24 11:55:34,2026-09-24 11:55:35,15,907,64,256,512,8,1037.69,864,Heavy
2026-09-24 11:55:35,2026-09-24 11:55:36,15,908,64,128,512,8,1066.51,873,Heavy
2026-09-24 11:55:36,2026-09-24 11:55:37,15,909,32,1024,198,8,1014.98,905,Heavy
2026-09-24 11:55:37,2026-09-24 11:55:38,15,910,16,512,512,8,1030.66,887,Heavy
2026-09-24 11:55:38,2026-09-24 11:55:39,15,911,16,1024,512,8,1023.69,849,Heavy
2026-09-24 11:55:39,2026-09-24 11:55:40,15,912,32,512,512,8,1012.42,858,Heavy
2026-09-24 11:55:40,2026-09-24 11:55:41,15,913,64,2048,384,8,1011.53,861,Heavy
2026-09-24 11:55:41,2026-09-24 11:55:43,15,914,16,128,198,8,1210.18,870,Heavy
2026-09-24 11:55:43,2026-09-24 11:55:44,15,915,64,2048,512,8,1013.96,1100,Heavy
2026-09-24 11:55:44,2026-09-24 11:55:45,15,916,64,128,198,8,1103.11,861,Heavy
2026-09-24 11:55:45,2026-09-24 11:55:46,15,917,32,128,384,8,1150.09,1010,Heavy
2026-09-24 11:55:46,2026-09-24 11:55:47,15,918,64,1024,512,8,1015.93,908,Heavy
2026-09-24 11:55:47,2026-09-24 11:55:48,15,919,16,1024,198,8,1059.35,882,Heavy
2026-09-24 11:55:48,2026-09-24 11:55:49,15,920,16,2048,384,8,1013.84,861,Heavy
2026-09-24 11:55:49,2026-09-24 11:55:50,15,921,16,256,198,8,1171.03,861,Heavy
2026-09-24 11:55:50,2026-09-24 11:55:51,15,922,16,1024,384,8,997.244,889,Heavy
2026-09-24 11:55:52,2026-09-24 11:55:53,15,923,16,512,384,8,1038.39,864,Heavy
2026-09-24 11:55:53,2026-09-24 11:55:54,15,924,64,1024,256,8,1088.33,856,Heavy
2026-09-24 11:55:54,2026-09-24 11:55:55,15,925,64,256,256,8,1105.57,871,Heavy
2026-09-24 11:55:55,2026-09-24 11:55:56,15,926,64,512,256,8,1047.19,890,Heavy
2026-09-24 11:55:56,2026-09-24 11:55:57,15,927,32,1024,256,8,1040.13,879,Heavy
2026-09-24 11:55:57,2026-09-24 11:55:58,15,928,16,128,384,8,1186.33,855,Heavy
2026-09-24 11:55:58,2026-09-24 11:55:59,15,929,32,512,256,8,1055.05,890,Heavy
2026-09-24 11:55:59,2026-09-24 11:56:01,15,930,64,128,384,8,1128.54,899,Heavy
2026-09-24 11:56:01,2026-09-24 11:56:02,15,931,64,128,256,8,1122.28,894,Heavy
2026-09-24 11:56:02,2026-09-24 11:56:03,15,932,16,128,256,8,1187.85,901,Heavy
2026-09-24 11:56:03,2026-09-24 11:56:04,15,933,32,128,198,8,1142.42,950,Heavy
2026-09-24 11:56:04,2026-09-24 11:56:05,15,934,16,256,256,8,1121.45,977,Heavy
2026-09-24 11:56:05,2026-09-24 11:56:06,15,935,32,1024,512,8,1025.12,914,Heavy
2026-09-24 11:56:07,2026-09-24 11:56:08,15,936,32,256,384,8,1060.88,861,Heavy
2026-09-24 11:56:08,2026-09-24 11:56:09,15,937,64,2048,198,8,1028.13,861,Heavy
2026-09-24 11:56:09,2026-09-24 11:56:10,15,938,64,1024,198,8,1030.95,861,Heavy
2026-09-24 11:56:10,2026-09-24 11:56:11,15,939,32,256,198,8,1112.55,860,Heavy
2026-09-24 11:56:11,2026-09-24 11:56:12,15,940,32,256,512,8,1033.34,854,Heavy
2026-09-24 11:56:12,2026-09-24 11:56:13,15,941,64,256,384,8,1038.01,883,Heavy
2026-09-24 11:56:13,2026-09-24 11:56:14,15,942,32,512,384,8,1015.47,867,Heavy
2026-09-24 11:56:14,2026-09-24 11:56:15,15,943,32,2048,256,8,1004.87,873,Heavy
2026-09-24 11:56:15,2026-09-24 11:56:16,15,944,16,1024,256,8,1012.22,864,Heavy
2026-09-24 11:56:16,2026-09-24 11:56:17,15,945,64,1024,384,8,989.155,869,Heavy
2026-09-24 11:56:17,2026-09-24 11:56:18,15,946,32,2048,384,8,982.148,864,Heavy
2026-09-24 11:56:18,2026-09-24 11:56:19,15,947,32,2048,512,8,972.568,881,Heavy
2026-09-24 11:56:19,2026-09-24 11:56:20,15,948,32,512,198,8,1032.91,864,Heavy
2026-09-24 11:56:21,2026-09-24 11:56:22,15,949,64,512,384,8,991.019,899,Heavy
2026-09-24 11:56:22,2026-09-24 11:56:23,15,950,64,2048,256,8,997.38,899,Heavy
2026-09-24 11:56:23,2026-09-24 11:56:24,15,951,64,256,198,8,1055.5,902,Heavy
2026-09-24 11:56:24,2026-09-24 11:56:25,15,952,32,128,256,8,1095.42,952,Heavy
2026-09-24 11:56:25,2026-09-24 11:56:26,15,953,16,256,512,8,1011.86,948,Heavy
2026-09-24 11:56:26,2026-09-24 11:56:27,15,954,16,2048,198,8,1009.78,860,Heavy
2026-09-24 11:56:27,2026-09-24 11:56:28,15,955,32,2048,198,8,1000.08,851,Heavy
2026-09-24 11:56:28,2026-09-24 11:56:29,15,956,32,1024,384,8,986.003,848,Heavy
2026-09-24 11:56:29,2026-09-24 11:56:30,15,957,16,512,198,8,1034.25,860,Heavy
2026-09-24 11:56:30,2026-09-24 11:56:31,15,958,16,128,512,8,1071.52,872,Heavy
2026-09-24 11:56:31,2026-09-24 11:56:32,15,959,64,512,198,8,1024.82,911,Heavy
2026-09-24 11:56:32,2026-09-24 11:56:33,15,960,32,256,256,8,1051.61,891,Heavy
2026-09-24 11:56:33,2026-09-24 11:56:34,16,961,32,1024,256,8,1007.15,884,Heavy
2026-09-24 11:56:35,2026-09-24 11:56:36,16,962,64,2048,512,8,1005.6,858,Heavy
2026-09-24 11:56:36,2026-09-24 11:56:37,16,963,32,2048,384,8,969.85,870,Heavy
2026-09-24 11:56:37,2026-09-24 11:56:38,16,964,64,128,384,8,1079.93,905,Heavy
2026-09-24 11:56:38,2026-09-24 11:56:39,16,965,32,512,198,8,1102.69,917,Heavy
2026-09-24 11:56:39,2026-09-24 11:56:40,16,966,16,2048,198,8,987.645,920,Heavy
2026-09-24 11:56:40,2026-09-24 11:56:41,16,967,32,256,198,8,1071.61,879,Heavy
2026-09-24 11:56:41,2026-09-24 11:56:42,16,968,16,256,198,8,1091.54,905,Heavy
2026-09-24 11:56:42,2026-09-24 11:56:43,16,969,32,1024,512,8,977.855,898,Heavy
2026-09-24 11:56:43,2026-09-24 11:56:44,16,970,16,1024,512,8,1051.05,880,Heavy
2026-09-24 11:56:44,2026-09-24 11:56:45,16,971,16,2048,384,8,979.023,885,Heavy
2026-09-24 11:56:45,2026-09-24 11:56:46,16,972,16,1024,384,8,955.871,872,Heavy
2026-09-24 11:56:46,2026-09-24 11:56:47,16,973,64,1024,384,8,973.207,870,Heavy
2026-09-24 11:56:47,2026-09-24 11:56:48,16,974,16,512,384,8,977.437,888,Heavy
2026-09-24 11:56:48,2026-09-24 11:56:49,16,975,64,256,384,8,1004.71,884,Heavy
2026-09-24 11:56:49,2026-09-24 11:56:50,16,976,32,1024,198,8,996.668,911,Heavy
2026-09-24 11:56:51,2026-09-24 11:56:52,16,977,16,512,256,8,997.274,893,Heavy
2026-09-24 11:56:52,2026-09-24 11:56:53,16,978,64,128,512,8,1054.7,935,Heavy
2026-09-24 11:56:53,2026-09-24 11:56:54,16,979,32,2048,256,8,974.416,903,Heavy
2026-09-24 11:56:54,2026-09-24 11:56:55,16,980,32,256,512,8,999.361,887,Heavy
2026-09-24 11:56:55,2026-09-24 11:56:56,16,981,16,512,198,8,1018.88,887,Heavy
2026-09-24 11:56:56,2026-09-24 11:56:57,16,982,32,512,384,8,977.256,908,Heavy
2026-09-24 11:56:57,2026-09-24 11:56:58,16,983,64,512,512,8,983.188,885,Heavy
2026-09-24 11:56:58,2026-09-24 11:56:59,16,984,32,128,384,8,1064.33,929,Heavy
2026-09-24 11:56:59,2026-09-24 11:57:00,16,985,16,2048,256,8,963.232,911,Heavy
2026-09-24 11:57:00,2026-09-24 11:57:01,16,986,16,256,384,8,1042.32,879,Heavy
2026-09-24 11:57:01,2026-09-24 11:57:02,16,987,16,128,512,8,1074.92,917,Heavy
2026-09-24 11:57:02,2026-09-24 11:57:03,16,988,64,128,198,8,1089.38,921,Heavy
2026-09-24 11:57:03,2026-09-24 11:57:04,16,989,32,128,512,8,1061.93,1038,Heavy
2026-09-24 11:57:04,2026-09-24 11:57:06,16,990,64,256,198,8,1072.27,875,Heavy
2026-09-24 11:57:06,2026-09-24 11:57:07,16,991,64,2048,256,8,988.886,890,Heavy
2026-09-24 11:57:07,2026-09-24 11:57:08,16,992,16,1024,256,8,989.225,867,Heavy
2026-09-24 11:57:08,2026-09-24 11:57:09,16,993,64,256,256,8,1037.85,899,Heavy
2026-09-24 11:57:09,2026-09-24 11:57:10,16,994,64,512,256,8,1001.98,905,Heavy
2026-09-24 11:57:10,2026-09-24 11:57:11,16,995,64,1024,256,8,980.813,903,Heavy
2026-09-24 11:57:11,2026-09-24 11:57:12,16,996,32,2048,198,8,983.823,887,Heavy
2026-09-24 11:57:12,2026-09-24 11:57:13,16,997,64,512,384,8,979.629,902,Heavy
2026-09-24 11:57:13,2026-09-24 11:57:14,16,998,64,128,256,8,1061.54,987,Heavy
2026-09-24 11:57:14,2026-09-24 11:57:15,16,999,32,2048,512,8,956.904,945,Heavy
2026-09-24 11:57:15,2026-09-24 11:57:16,16,1000,64,2048,384,8,978.486,,
2026-09-24 11:57:16,2026-09-24 11:57:17,16,1001,32,512,256,8,990.192,884,Heavy
2026-09-24 11:57:17,2026-09-24 11:57:18,16,1002,16,128,384,8,1089.48,920,Heavy
2026-09-24 11:57:18,2026-09-24 11:57:19,16,1003,16,512,512,8,961.514,950,Heavy
2026-09-24 11:57:19,2026-09-24 11:57:20,16,1004,32,128,198,8,1078.41,941,Heavy
2026-09-24 11:57:20,2026-09-24 11:57:22,16,1005,16,128,198,8,1146.77,920,Heavy
2026-09-24 11:57:22,2026-09-24 11:57:23,16,1006,16,256,512,8,1002.73,1090,Heavy
2026-09-24 11:57:23,2026-09-24 11:57:24,16,1007,64,512,198,8,1024.86,890,Heavy
2026-09-24 11:57:24,2026-09-24 11:57:25,16,1008,16,2048,512,8,968.534,884,Heavy
2026-09-24 11:57:25,2026-09-24 11:57:26,16,1009,16,256,256,8,1043.78,884,Heavy
2026-09-24 11:57:26,2026-09-24 11:57:27,16,1010,64,1024,198,8,996.983,911,Heavy
2026-09-24 11:57:27,2026-09-24 11:57:28,16,1011,32,256,256,8,1022.66,914,Heavy
2026-09-24 11:57:28,2026-09-24 11:57:29,16,1012,16,128,256,8,1117.21,927,Heavy
2026-09-24 11:57:29,2026-09-24 11:57:30,16,1013,32,1024,384,8,955.708,1032,Heavy
2026-09-24 11:57:30,2026-09-24 11:57:31,16,1014,64,256,512,8,1008.55,953,Heavy
2026-09-24 11:57:31,2026-09-24 11:57:32,16,1015,32,256,384,8,993.842,884,Heavy
2026-09-24 11:57:32,2026-09-24 11:57:33,16,1016,64,1024,512,8,974.219,920,Heavy
2026-09-24 11:57:33,2026-09-24 11:57:34,16,1017,16,1024,198,8,988.208,908,Heavy
2026-09-24 11:57:34,2026-09-24 11:57:35,16,1018,32,512,512,8,990.364,908,Heavy
2026-09-24 11:57:35,2026-09-24 11:57:36,16,1019,32,128,256,8,1072.17,908,Heavy
2026-09-24 11:57:36,2026-09-24 11:57:37,16,1020,64,2048,198,8,991.606,949,Heavy
2026-09-24 11:57:37,2026-09-24 11:57:38,17,1021,16,1024,256,8,985.201,995,Heavy
2026-09-24 11:57:38,2026-09-24 11:57:39,17,1022,64,1024,256,8,1001.71,911,Heavy
2026-09-24 11:57:40,2026-09-24 11:57:41,17,1023,32,128,384,8,1046.59,916,Heavy
2026-09-24 11:57:41,2026-09-24 11:57:42,17,1024,64,1024,384,8,976.039,934,Heavy
2026-09-24 11:57:42,2026-09-24 11:57:43,17,1025,32,256,256,8,1015.96,910,Heavy
2026-09-24 11:57:43,2026-09-24 11:57:44,17,1026,16,2048,256,8,970.281,918,Heavy
2026-09-24 11:57:44,2026-09-24 11:57:45,17,1027,64,1024,198,8,983.582,888,Heavy
2026-09-24 11:57:45,2026-09-24 11:57:46,17,1028,32,512,384,8,973.368,907,Heavy
2026-09-24 11:57:46,2026-09-24 11:57:47,17,1029,32,2048,198,8,962.086,896,Heavy
2026-09-24 11:57:47,2026-09-24 11:57:48,17,1030,16,2048,384,8,952.991,905,Heavy
2026-09-24 11:57:48,2026-09-24 11:57:49,17,1031,16,256,256,8,1019.83,900,Heavy
2026-09-24 11:57:49,2026-09-24 11:57:50,17,1032,32,2048,256,8,963.172,950,Heavy
2026-09-24 11:57:50,2026-09-24 11:57:51,17,1033,64,256,256,8,1007.7,919,Heavy
2026-09-24 11:57:51,2026-09-24 11:57:52,17,1034,64,512,256,8,990.96,953,Heavy
2026-09-24 11:57:52,2026-09-24 11:57:53,17,1035,32,1024,512,8,953.868,935,Heavy
2026-09-24 11:57:53,2026-09-24 11:57:54,17,1036,32,256,512,8,990.923,905,Heavy
2026-09-24 11:57:54,2026-09-24 11:57:55,17,1037,64,2048,512,8,978.089,917,Heavy
2026-09-24 11:57:55,2026-09-24 11:57:56,17,1038,32,128,256,8,1077.29,921,Heavy
2026-09-24 11:57:56,2026-09-24 11:57:57,17,1039,32,1024,198,8,985.524,1021,Heavy
2026-09-24 11:57:57,2026-09-24 11:57:58,17,1040,32,512,256,8,1002.85,935,Heavy
2026-09-24 11:57:58,2026-09-24 11:57:59,17,1041,64,128,198,8,1045.0,905,Heavy
2026-09-24 11:57:59,2026-09-24 11:58:00,17,1042,64,256,512,8,1015.67,1022,Heavy
2026-09-24 11:58:00,2026-09-24 11:58:01,17,1043,16,128,512,8,1059.94,979,Heavy
2026-09-24 11:58:02,2026-09-24 11:58:03,17,1044,64,128,512,8,1053.59,935,Heavy
2026-09-24 11:58:03,2026-09-24 11:58:04,17,1045,16,256,512,8,994.009,926,Heavy
2026-09-24 11:58:04,2026-09-24 11:58:05,17,1046,16,256,384,8,1018.24,890,Heavy
2026-09-24 11:58:05,2026-09-24 11:58:06,17,1047,64,2048,384,8,963.292,908,Heavy
2026-09-24 11:58:06,2026-09-24 11:58:07,17,1048,16,2048,512,8,940.887,896,Heavy
2026-09-24 11:58:07,2026-09-24 11:58:08,17,1049,64,512,384,8,980.147,875,Heavy
2026-09-24 11:58:08,2026-09-24 11:58:09,17,1050,32,2048,384,8,1006.27,940,Heavy
2026-09-24 11:58:09,2026-09-24 11:58:10,17,1051,32,1024,384,8,973.115,931,Heavy
2026-09-24 11:58:10,2026-09-24 11:58:11,17,1052,16,2048,198,8,972.438,910,Heavy
2026-09-24 11:58:11,2026-09-24 11:58:12,17,1053,64,128,256,8,1073.69,910,Heavy
2026-09-24 11:58:12,2026-09-24 11:58:13,17,1054,64,128,384,8,1098.2,1026,Heavy
2026-09-24 11:58:13,2026-09-24 11:58:14,17,1055,16,256,198,8,1133.75,952,Heavy
2026-09-24 11:58:14,2026-09-24 11:58:15,17,1056,32,2048,512,8,979.464,963,Heavy
2026-09-24 11:58:15,2026-09-24 11:58:16,17,1057,16,1024,384,8,983.919,911,Heavy
2026-09-24 11:58:16,2026-09-24 11:58:17,17,1058,64,512,198,8,1047.03,870,Heavy
2026-09-24 11:58:17,2026-09-24 11:58:19,17,1059,16,128,384,8,1203.71,908,Heavy
2026-09-24 11:58:19,2026-09-24 11:58:20,17,1060,16,128,198,8,1181.03,1020,Heavy
2026-09-24 11:58:20,2026-09-24 11:58:21,17,1061,32,256,384,8,1001.75,1112,Heavy
2026-09-24 11:58:21,2026-09-24 11:58:22,17,1062,32,128,198,8,1121.14,869,Heavy
2026-09-24 11:58:22,2026-09-24 11:58:23,17,1063,16,512,384,8,983.403,1053,Heavy
2026-09-24 11:58:23,2026-09-24 11:58:24,17,1064,16,512,256,8,1013.11,890,Heavy
2026-09-24 11:58:24,2026-09-24 11:58:25,17,1065,64,2048,198,8,984.263,876,Heavy
2026-09-24 11:58:25,2026-09-24 11:58:26,17,1066,32,256,198,8,1053.06,911,Heavy
2026-09-24 11:58:26,2026-09-24 11:58:27,17,1067,64,2048,256,8,972.413,947,Heavy
2026-09-24 11:58:27,2026-09-24 11:58:28,17,1068,64,512,512,8,985.562,926,Heavy
2026-09-24 11:58:28,2026-09-24 11:58:29,17,1069,16,1024,512,8,942.588,923,Heavy
2026-09-24 11:58:29,2026-09-24 11:58:31,17,1070,16,128,256,8,1096.56,908,Heavy
2026-09-24 11:58:31,2026-09-24 11:58:32,17,1071,64,256,198,8,1051.29,1005,Heavy
2026-09-24 11:58:32,2026-09-24 11:58:33,17,1072,64,256,384,8,1012.16,941,Heavy
2026-09-24 11:58:33,2026-09-24 11:58:34,17,1073,16,512,198,8,1020.18,920,Heavy
2026-09-24 11:58:34,2026-09-24 11:58:35,17,1074,64,1024,512,8,980.494,923,Heavy
2026-09-24 11:58:35,2026-09-24 11:58:36,17,1075,32,1024,256,8,990.172,908,Heavy
2026-09-24 11:58:36,2026-09-24 11:58:37,17,1076,16,1024,198,8,1027.18,899,Heavy
2026-09-24 11:58:37,2026-09-24 11:58:38,17,1077,32,512,512,8,986.645,917,Heavy
2026-09-24 11:58:38,2026-09-24 11:58:39,17,1078,32,128,512,8,1070.47,917,Heavy
2026-09-24 11:58:39,2026-09-24 11:58:40,17,1079,16,512,512,8,992.958,925,Heavy
2026-09-24 11:58:40,2026-09-24 11:58:41,17,1080,32,512,198,8,1044.85,883,Heavy
2026-09-24 11:58:41,2026-09-24 11:58:42,18,1081,64,2048,256,8,1005.41,907,Heavy
2026-09-24 11:58:42,2026-09-24 11:58:43,18,1082,16,512,384,8,1019.38,905,Heavy
2026-09-24 11:58:43,2026-09-24 11:58:44,18,1083,32,1024,512,8,979.258,898,Heavy
2026-09-24 11:58:44,2026-09-24 11:58:45,18,1084,32,256,512,8,1015.57,902,Heavy
2026-09-24 11:58:45,2026-09-24 11:58:46,18,1085,32,1024,256,8,984.647,915,Heavy
2026-09-24 11:58:47,2026-09-24 11:58:48,18,1086,64,128,256,8,1099.59,1008,Heavy
2026-09-24 11:58:48,2026-09-24 11:58:49,18,1087,32,512,512,8,993.049,933,Heavy
2026-09-24 11:58:49,2026-09-24 11:58:50,18,1088,32,128,198,8,1132.72,1006,Heavy
2026-09-24 11:58:50,2026-09-24 11:58:51,18,1089,16,128,512,8,1109.72,1034,Heavy
2026-09-24 11:58:51,2026-09-24 11:58:52,18,1090,64,1024,198,8,1029.57,911,Heavy
2026-09-24 11:58:52,2026-09-24 11:58:53,18,1091,32,256,198,8,1096.16,902,Heavy
2026-09-24 11:58:53,2026-09-24 11:58:54,18,1092,16,512,512,8,1010.25,916,Heavy
2026-09-24 11:58:54,2026-09-24 11:58:55,18,1093,64,512,384,8,1003.06,865,Heavy
2026-09-24 11:58:55,2026-09-24 11:58:56,18,1094,16,2048,384,8,988.086,888,Heavy
2026-09-24 11:58:56,2026-09-24 11:58:57,18,1095,16,512,198,8,1063.74,873,Heavy
2026-09-24 11:58:58,2026-09-24 11:58:59,18,1096,32,512,384,8,998.269,914,Heavy
2026-09-24 11:58:59,2026-09-24 11:59:00,18,1097,64,512,512,8,997.64,920,Heavy
2026-09-24 11:59:00,2026-09-24 11:59:01,18,1098,32,128,256,8,1134.25,1026,Heavy
2026-09-24 11:59:01,2026-09-24 11:59:02,18,1099,32,1024,198,8,1013.62,936,Heavy
2026-09-24 11:59:02,2026-09-24 11:59:03,18,1100,64,256,198,8,1102.59,930,Heavy
2026-09-24 11:59:03,2026-09-24 11:59:04,18,1101,32,256,256,8,1093.31,938,Heavy
2026-09-24 11:59:04,2026-09-24 11:59:05,18,1102,16,256,384,8,1093.73,929,Heavy
2026-09-24 11:59:05,2026-09-24 11:59:06,18,1103,16,128,384,8,1191.02,925,Heavy
2026-09-24 11:59:07,2026-09-24 11:59:08,18,1104,16,1024,384,8,1005.94,880,Heavy
2026-09-24 11:59:08,2026-09-24 11:59:09,18,1105,32,1024,384,8,986.845,,
2026-09-24 11:59:09,2026-09-24 11:59:10,18,1106,64,1024,512,8,1009.46,869,Heavy
2026-09-24 11:59:10,2026-09-24 11:59:11,18,1107,32,512,256,8,1018.98,905,Heavy
2026-09-24 11:59:11,2026-09-24 11:59:12,18,1108,32,2048,198,8,997.656,914,Heavy
2026-09-24 11:59:12,2026-09-24 11:59:13,18,1109,64,128,198,8,1085.88,913,Heavy
2026-09-24 11:59:13,2026-09-24 11:59:14,18,1110,64,256,384,8,1043.29,1027,Heavy
2026-09-24 11:59:14,2026-09-24 11:59:15,18,1111,64,256,512,8,1024.09,989,Heavy
2026-09-24 11:59:15,2026-09-24 11:59:16,18,1112,16,128,256,8,1219.06,894,Heavy
2026-09-24 11:59:16,2026-09-24 11:59:17,18,1113,32,2048,256,8,990.244,970,Heavy
2026-09-24 11:59:17,2026-09-24 11:59:18,18,1114,32,256,384,8,1041.62,1040,Heavy
2026-09-24 11:59:19,2026-09-24 11:59:20,18,1115,32,128,384,8,1110.8,886,Heavy
2026-09-24 11:59:20,2026-09-24 11:59:21,18,1116,16,1024,512,8,976.164,901,Heavy
2026-09-24 11:59:21,2026-09-24 11:59:22,18,1117,64,512,256,8,1028.5,884,Heavy
2026-09-24 11:59:22,2026-09-24 11:59:23,18,1118,32,2048,512,8,982.661,891,Heavy
2026-09-24 11:59:23,2026-09-24 11:59:24,18,1119,16,512,256,8,1021.13,891,Heavy
2026-09-24 11:59:24,2026-09-24 11:59:25,18,1120,32,512,198,8,1021.98,899,Heavy
2026-09-24 11:59:25,2026-09-24 11:59:26,18,1121,64,2048,198,8,987.423,923,Heavy
2026-09-24 11:59:26,2026-09-24 11:59:27,18,1122,16,1024,198,8,991.581,917,Heavy
2026-09-24 11:59:27,2026-09-24 11:59:28,18,1123,64,1024,384,8,973.133,894,Heavy
2026-09-24 11:59:28,2026-09-24 11:59:29,18,1124,64,1024,256,8,987.087,907,Heavy
2026-09-24 11:59:29,2026-09-24 11:59:30,18,1125,16,2048,198,8,969.919,920,Heavy
2026-09-24 11:59:30,2026-09-24 11:59:31,18,1126,32,2048,384,8,980.128,903,Heavy
2026-09-24 11:59:31,2026-09-24 11:59:32,18,1127,16,1024,256,8,973.159,911,Heavy
2026-09-24 11:59:32,2026-09-24 11:59:33,18,1128,32,128,512,8,1062.26,908,Heavy
2026-09-24 11:59:33,2026-09-24 11:59:34,18,1129,64,256,256,8,1031.21,938,Heavy
2026-09-24 11:59:34,2026-09-24 11:59:35,18,1130,64,128,384,8,1078.51,941,Heavy
2026-09-24 11:59:35,2026-09-24 11:59:36,18,1131,64,2048,512,8,986.286,956,Heavy
2026-09-24 11:59:37,2026-09-24 11:59:37,18,1132,16,2048,256,8,981.936,887,Heavy
2026-09-24 11:59:38,2026-09-24 11:59:39,18,1133,16,256,198,8,1104.86,890,Heavy
2026-09-24 11:59:39,2026-09-24 11:59:40,18,1134,16,256,512,8,1011.79,952,Heavy
2026-09-24 11:59:40,2026-09-24 11:59:41,18,1135,16,2048,512,8,964.147,880,Heavy
2026-09-24 11:59:41,2026-09-24 11:59:42,18,1136,64,128,512,8,1062.73,874,Heavy
2026-09-24 11:59:42,2026-09-24 11:59:43,18,1137,16,256,256,8,1053.01,930,Heavy
2026-09-24 11:59:43,2026-09-24 11:59:44,18,1138,16,128,198,8,1175.43,929,Heavy
2026-09-24 11:59:44,2026-09-24 11:59:45,18,1139,64,2048,384,8,1001.16,1085,Heavy
2026-09-24 11:59:45,2026-09-24 11:59:46,18,1140,64,512,198,8,1022.05,995,Heavy
2026-09-24 11:59:46,2026-09-24 11:59:47,19,1141,16,256,198,8,1127.85,899,Heavy
2026-09-24 11:59:47,2026-09-24 11:59:48,19,1142,16,2048,198,8,981.947,938,Heavy
2026-09-24 11:59:49,2026-09-24 11:59:50,19,1143,64,1024,256,8,1002.54,876,Heavy
2026-09-24 11:59:50,2026-09-24 11:59:51,19,1144,32,512,198,8,1072.39,907,Heavy
2026-09-24 11:59:51,2026-09-24 11:59:52,19,1145,16,256,384,8,1058.65,931,Heavy
2026-09-24 11:59:52,2026-09-24 11:59:53,19,1146,16,128,384,8,1114.14,901,Heavy
2026-09-24 11:59:53,2026-09-24 11:59:54,19,1147,32,1024,512,8,1011.19,920,Heavy
2026-09-24 11:59:54,2026-09-24 11:59:55,19,1148,16,128,256,8,1150.35,899,Heavy
2026-09-24 11:59:55,2026-09-24 11:59:56,19,1149,64,2048,198,8,1021.81,1010,Heavy
2026-09-24 11:59:56,2026-09-24 11:59:57,19,1150,32,256,384,8,1021.42,935,Heavy
2026-09-24 11:59:57,2026-09-24 11:59:58,19,1151,64,1024,198,8,1011.0,893,Heavy
2026-09-24 11:59:58,2026-09-24 11:59:59,19,1152,16,512,198,8,1038.2,885,Heavy
2026-09-24 12:00:00,2026-09-24 12:00:01,19,1153,16,128,198,8,1175.37,991,Heavy
2026-09-24 12:00:01,2026-09-24 12:00:02,19,1154,64,2048,512,8,987.3,1089,Heavy
2026-09-24 12:00:02,2026-09-24 12:00:03,19,1155,64,512,198,8,1042.63,870,Heavy
2026-09-24 12:00:03,2026-09-24 12:00:04,19,1156,32,2048,198,8,986.129,895,Heavy
2026-09-24 12:00:04,2026-09-24 12:00:05,19,1157,32,256,198,8,1104.14,868,Heavy
2026-09-24 12:00:05,2026-09-24 12:00:06,19,1158,64,256,198,8,1228.77,920,Heavy
2026-09-24 12:00:06,2026-09-24 12:00:08,19,1159,32,128,512,8,1165.16,1058,Heavy
2026-09-24 12:00:08,2026-09-24 12:00:09,19,1160,32,128,384,8,1114.82,920,Heavy
2026-09-24 12:00:09,2026-09-24 12:00:10,19,1161,16,1024,384,8,992.688,890,Heavy
2026-09-24 12:00:10,2026-09-24 12:00:11,19,1162,32,2048,512,8,994.244,861,Heavy
2026-09-24 12:00:11,2026-09-24 12:00:12,19,1163,32,2048,384,8,997.414,858,Heavy
2026-09-24 12:00:12,2026-09-24 12:00:13,19,1164,64,512,512,8,990.888,894,Heavy
2026-09-24 12:00:13,2026-09-24 12:00:14,19,1165,64,128,512,8,1054.87,904,Heavy
2026-09-24 12:00:14,2026-09-24 12:00:15,19,1166,16,1024,198,8,995.117,922,Heavy
2026-09-24 12:00:15,2026-09-24 12:00:16,19,1167,16,256,256,8,1069.48,874,Heavy
2026-09-24 12:00:16,2026-09-24 12:00:17,19,1168,32,512,384,8,973.731,899,Heavy
2026-09-24 12:00:17,2026-09-24 12:00:18,19,1169,32,256,256,8,1060.19,893,Heavy
2026-09-24 12:00:18,2026-09-24 12:00:19,19,1170,64,1024,384,8,987.708,897,Heavy
2026-09-24 12:00:19,2026-09-24 12:00:20,19,1171,16,512,384,8,991.613,896,Heavy
2026-09-24 12:00:20,2026-09-24 12:00:21,19,1172,64,128,256,8,1071.08,884,Heavy
2026-09-24 12:00:22,2026-09-24 12:00:23,19,1173,16,128,512,8,1087.83,943,Heavy
2026-09-24 12:00:23,2026-09-24 12:00:24,19,1174,32,1024,198,8,1033.51,896,Heavy
2026-09-24 12:00:24,2026-09-24 12:00:25,19,1175,16,2048,512,8,985.174,873,Heavy
2026-09-24 12:00:25,2026-09-24 12:00:26,19,1176,16,256,512,8,1064.57,881,Heavy
2026-09-24 12:00:26,2026-09-24 12:00:27,19,1177,16,2048,384,8,992.197,891,Heavy
2026-09-24 12:00:27,2026-09-24 12:00:28,19,1178,32,2048,256,8,1007.59,876,Heavy
2026-09-24 12:00:28,2026-09-24 12:00:29,19,1179,32,256,512,8,1034.75,885,Heavy
2026-09-24 12:00:29,2026-09-24 12:00:30,19,1180,64,2048,256,8,1017.58,887,Heavy
2026-09-24 12:00:30,2026-09-24 12:00:31,19,1181,64,512,256,8,1024.3,880,Heavy
2026-09-24 12:00:31,2026-09-24 12:00:32,19,1182,32,512,256,8,1037.63,871,Heavy
2026-09-24 12:00:32,2026-09-24 12:00:33,19,1183,32,1024,384,8,984.842,890,Heavy
2026-09-24 12:00:33,2026-09-24 12:00:34,19,1184,16,2048,256,8,996.614,882,Heavy
2026-09-24 12:00:34,2026-09-24 12:00:35,19,1185,16,1024,512,8,985.681,870,Heavy
2026-09-24 12:00:35,2026-09-24 12:00:36,19,1186,64,256,512,8,1010.83,873,Heavy
2026-09-24 12:00:36,2026-09-24 12:00:37,19,1187,64,2048,384,8,999.939,887,Heavy
2026-09-24 12:00:38,2026-09-24 12:00:39,19,1188,16,512,256,8,1045.38,909,Heavy
2026-09-24 12:00:39,2026-09-24 12:00:40,19,1189,64,256,384,8,1035.87,905,Heavy
2026-09-24 12:00:40,2026-09-24 12:00:41,19,1190,16,1024,256,8,1002.51,897,Heavy
2026-09-24 12:00:41,2026-09-24 12:00:42,19,1191,16,512,512,8,1002.86,872,Heavy
2026-09-24 12:00:42,2026-09-24 12:00:43,19,1192,32,512,512,8,985.87,885,Heavy
2026-09-24 12:00:43,2026-09-24 12:00:44,19,1193,32,128,256,8,1148.66,950,Heavy
2026-09-24 12:00:44,2026-09-24 12:00:45,19,1194,64,128,384,8,1110.51,997,Heavy
2026-09-24 12:00:45,2026-09-24 12:00:46,19,1195,64,256,256,8,1073.24,906,Heavy
2026-09-24 12:00:46,2026-09-24 12:00:47,19,1196,32,1024,256,8,1018.33,863,Heavy
2026-09-24 12:00:47,2026-09-24 12:00:48,19,1197,64,512,384,8,1010.51,873,Heavy
2026-09-24 12:00:48,2026-09-24 12:00:50,19,1198,32,128,198,8,1161.41,861,Heavy
2026-09-24 12:00:50,2026-09-24 12:00:51,19,1199,64,1024,512,8,1003.92,944,Heavy
2026-09-24 12:00:51,2026-09-24 12:00:52,19,1200,64,128,198,8,1112.37,969,Heavy
2026-09-24 12:00:52,2026-09-24 12:00:53,20,1201,32,512,256,8,1053.41,958,Heavy
2026-09-24 12:00:53,2026-09-24 12:00:54,20,1202,32,1024,512,8,1021.04,867,Heavy
2026-09-24 12:00:54,2026-09-24 12:00:55,20,1203,16,1024,512,8,986.565,864,Heavy
2026-09-24 12:00:55,2026-09-24 12:00:56,20,1204,64,512,256,8,1039.29,867,Heavy
2026-09-24 12:00:56,2026-09-24 12:00:57,20,1205,16,512,512,8,1017.92,902,Heavy
2026-09-24 12:00:57,2026-09-24 12:00:58,20,1206,16,2048,198,8,1012.48,876,Heavy
2026-09-24 12:00:58,2026-09-24 12:00:59,20,1207,32,512,384,8,999.06,875,Heavy
2026-09-24 12:00:59,2026-09-24 12:01:00,20,1208,64,256,512,8,1030.14,874,Heavy
2026-09-24 12:01:00,2026-09-24 12:01:01,20,1209,16,2048,512,8,986.035,883,Heavy
2026-09-24 12:01:02,2026-09-24 12:01:03,20,1210,64,256,198,8,1081.55,920,Heavy
2026-09-24 12:01:03,2026-09-24 12:01:04,20,1211,32,128,198,8,1146.25,1054,Heavy
2026-09-24 12:01:04,2026-09-24 12:01:05,20,1212,16,128,256,8,1221.54,1053,Heavy
2026-09-24 12:01:05,2026-09-24 12:01:06,20,1213,16,1024,384,8,1004.62,,
2026-09-24 12:01:06,2026-09-24 12:01:07,20,1214,32,512,512,8,1017.59,959,Heavy
2026-09-24 12:01:07,2026-09-24 12:01:08,20,1215,64,128,384,8,1102.1,861,Heavy
2026-09-24 12:01:08,2026-09-24 12:01:10,20,1216,64,256,256,8,1089.42,872,Heavy
2026-09-24 12:01:10,2026-09-24 12:01:11,20,1217,32,2048,198,8,1006.91,871,Heavy
2026-09-24 12:01:11,2026-09-24 12:01:12,20,1218,16,256,512,8,1063.29,876,Heavy
2026-09-24 12:01:12,2026-09-24 12:01:13,20,1219,64,2048,256,8,1009.66,861,Heavy
2026-09-24 12:01:13,2026-09-24 12:01:14,20,1220,16,512,256,8,1066.26,879,Heavy
2026-09-24 12:01:14,2026-09-24 12:01:15,20,1221,16,1024,256,8,1008.63,872,Heavy
2026-09-24 12:01:15,2026-09-24 12:01:16,20,1222,64,128,512,8,1082.32,896,Heavy
2026-09-24 12:01:16,2026-09-24 12:01:17,20,1223,64,512,384,8,1013.5,884,Heavy
2026-09-24 12:01:17,2026-09-24 12:01:18,20,1224,16,2048,256,8,997.476,900,Heavy
2026-09-24 12:01:18,2026-09-24 12:01:19,20,1225,64,512,512,8,1009.52,864,Heavy
2026-09-24 12:01:19,2026-09-24 12:01:20,20,1226,32,256,198,8,1117.72,873,Heavy
2026-09-24 12:01:20,2026-09-24 12:01:22,20,1227,16,128,512,8,1134.83,899,Heavy
2026-09-24 12:01:22,2026-09-24 12:01:23,20,1228,64,1024,256,8,1005.07,903,Heavy
2026-09-24 12:01:23,2026-09-24 12:01:24,20,1229,32,128,384,8,1151.15,866,Heavy
2026-09-24 12:01:24,2026-09-24 12:01:25,20,1230,16,1024,198,8,1038.14,914,Heavy
2026-09-24 12:01:25,2026-09-24 12:01:26,20,1231,64,1024,384,8,1011.25,891,Heavy
2026-09-24 12:01:26,2026-09-24 12:01:27,20,1232,32,2048,256,8,999.988,870,Heavy
2026-09-24 12:01:27,2026-09-24 12:01:28,20,1233,32,256,256,8,1088.17,870,Heavy
2026-09-24 12:01:28,2026-09-24 12:01:29,20,1234,64,128,256,8,1120.28,897,Heavy
2026-09-24 12:01:29,2026-09-24 12:01:31,20,1235,64,128,198,8,1125.56,968,Heavy
2026-09-24 12:01:31,2026-09-24 12:01:32,20,1236,32,128,512,8,1116.01,1020,Heavy
2026-09-24 12:01:32,2026-09-24 12:01:33,20,1237,64,2048,512,8,1036.3,845,Heavy
2026-09-24 12:01:33,2026-09-24 12:01:34,20,1238,32,256,512,8,1035.55,873,Heavy
2026-09-24 12:01:34,2026-09-24 12:01:35,20,1239,32,2048,384,8,1009.26,861,Heavy
2026-09-24 12:01:35,2026-09-24 12:01:36,20,1240,64,256,384,8,1040.41,867,Heavy
2026-09-24 12:01:36,2026-09-24 12:01:37,20,1241,64,512,198,8,1048.24,885,Heavy
2026-09-24 12:01:37,2026-09-24 12:01:38,20,1242,32,2048,512,8,993.993,894,Heavy
2026-09-24 12:01:38,2026-09-24 12:01:39,20,1243,32,1024,256,8,1012.02,891,Heavy
2026-09-24 12:01:39,2026-09-24 12:01:40,20,1244,16,256,384,8,1093.33,867,Heavy
2026-09-24 12:01:40,2026-09-24 12:01:42,20,1245,32,128,256,8,1133.2,926,Heavy
2026-09-24 12:01:42,2026-09-24 12:01:43,20,1246,16,512,384,8,1008.37,969,Heavy
2026-09-24 12:01:43,2026-09-24 12:01:44,20,1247,64,2048,384,8,1010.52,864,Heavy
2026-09-24 12:01:44,2026-09-24 12:01:45,20,1248,16,256,256,8,1108.78,872,Heavy
2026-09-24 12:01:45,2026-09-24 12:01:46,20,1249,32,1024,198,8,1012.84,898,Heavy
2026-09-24 12:01:46,2026-09-24 12:01:47,20,1250,32,512,198,8,1049.93,896,Heavy
2026-09-24 12:01:47,2026-09-24 12:01:48,20,1251,16,128,384,8,1153.51,888,Heavy
2026-09-24 12:01:48,2026-09-24 12:01:49,20,1252,32,1024,384,8,984.731,944,Heavy
2026-09-24 12:01:49,2026-09-24 12:01:50,20,1253,64,2048,198,8,1030.62,905,Heavy
2026-09-24 12:01:50,2026-09-24 12:01:51,20,1254,32,256,384,8,1032.16,873,Heavy
2026-09-24 12:01:51,2026-09-24 12:01:52,20,1255,64,1024,198,8,1016.04,888,Heavy
2026-09-24 12:01:53,2026-09-24 12:01:54,20,1256,16,128,198,8,1213.11,947,Heavy
2026-09-24 12:01:54,2026-09-24 12:01:55,20,1257,16,256,198,8,1149.51,1101,Heavy
2026-09-24 12:01:55,2026-09-24 12:01:56,20,1258,16,2048,384,8,992.353,894,Heavy
2026-09-24 12:01:56,2026-09-24 12:01:57,20,1259,64,1024,512,8,997.975,888,Heavy
2026-09-24 12:01:57,2026-09-24 12:01:58,20,1260,16,512,198,8,1080.67,864,Heavy
2026-09-24 12:01:58,2026-09-24 12:01:59,21,1261,64,2048,512,8,1006.03,900,Heavy
2026-09-24 12:01:59,2026-09-24 12:02:00,21,1262,16,1024,384,8,1003.03,908,Heavy
2026-09-24 12:02:00,2026-09-24 12:02:01,21,1263,16,512,256,8,1041.12,876,Heavy
2026-09-24 12:02:01,2026-09-24 12:02:03,21,1264,16,256,198,8,1135.66,890,Heavy
2026-09-24 12:02:03,2026-09-24 12:02:04,21,1265,64,256,198,8,1069.6,953,Heavy
2026-09-24 12:02:04,2026-09-24 12:02:05,21,1266,32,1024,198,8,1026.56,908,Heavy
2026-09-24 12:02:05,2026-09-24 12:02:06,21,1267,32,256,256,8,1075.87,888,Heavy
2026-09-24 12:02:06,2026-09-24 12:02:07,21,1268,32,256,198,8,1107.55,898,Heavy
2026-09-24 12:02:07,2026-09-24 12:02:08,21,1269,64,512,198,8,1033.13,886,Heavy
2026-09-24 12:02:08,2026-09-24 12:02:09,21,1270,16,512,384,8,1021.41,887,Heavy
2026-09-24 12:02:09,2026-09-24 12:02:10,21,1271,64,1024,198,8,1014.36,876,Heavy
2026-09-24 12:02:10,2026-09-24 12:02:11,21,1272,16,2048,384,8,989.394,870,Heavy
2026-09-24 12:02:11,2026-09-24 12:02:12,21,1273,32,256,512,8,1015.34,879,Heavy
2026-09-24 12:02:12,2026-09-24 12:02:13,21,1274,64,512,256,8,1026.28,876,Heavy
2026-09-24 12:02:13,2026-09-24 12:02:15,21,1275,16,256,512,8,1041.28,895,Heavy
2026-09-24 12:02:15,2026-09-24 12:02:16,21,1276,32,1024,256,8,1009.98,893,Heavy
2026-09-24 12:02:16,2026-09-24 12:02:17,21,1277,64,128,512,8,1068.95,905,Heavy
2026-09-24 12:02:17,2026-09-24 12:02:18,21,1278,32,128,256,8,1138.09,955,Heavy
2026-09-24 12:02:18,2026-09-24 12:02:19,21,1279,16,128,384,8,1164.01,972,Heavy
2026-09-24 12:02:19,2026-09-24 12:02:20,21,1280,64,1024,384,8,1014.96,878,Heavy
2026-09-24 12:02:20,2026-09-24 12:02:21,21,1281,32,2048,198,8,1009.84,875,Heavy
2026-09-24 12:02:21,2026-09-24 12:02:22,21,1282,16,1024,512,8,997.654,861,Heavy
2026-09-24 12:02:22,2026-09-24 12:02:23,21,1283,32,128,512,8,1085.59,867,Heavy
2026-09-24 12:02:23,2026-09-24 12:02:25,21,1284,32,512,198,8,1060.09,903,Heavy
2026-09-24 12:02:25,2026-09-24 12:02:26,21,1285,32,512,512,8,995.928,891,Heavy
2026-09-24 12:02:26,2026-09-24 12:02:27,21,1286,16,512,198,8,1083.62,892,Heavy
2026-09-24 12:02:27,2026-09-24 12:02:28,21,1287,16,128,198,8,1211.75,991,Heavy
2026-09-24 12:02:28,2026-09-24 12:02:29,21,1288,32,128,198,8,1153.28,1118,Heavy
2026-09-24 12:02:29,2026-09-24 12:02:30,21,1289,32,2048,256,8,1019.05,1017,Heavy
2026-09-24 12:02:30,2026-09-24 12:02:31,21,1290,16,1024,198,8,1104.34,868,Heavy
2026-09-24 12:02:31,2026-09-24 12:02:32,21,1291,64,2048,256,8,1036.41,882,Heavy
2026-09-24 12:02:33,2026-09-24 12:02:34,21,1292,64,128,256,8,1105.87,948,Heavy
2026-09-24 12:02:34,2026-09-24 12:02:35,21,1293,16,256,384,8,1047.49,924,Heavy
2026-09-24 12:02:35,2026-09-24 12:02:36,21,1294,64,2048,198,8,1004.68,873,Heavy
2026-09-24 12:02:36,2026-09-24 12:02:37,21,1295,16,128,256,8,1173.37,942,Heavy
2026-09-24 12:02:37,2026-09-24 12:02:38,21,1296,16,2048,198,8,1006.91,995,Heavy
2026-09-24 12:02:38,2026-09-24 12:02:39,21,1297,32,128,384,8,1110.94,869,Heavy
2026-09-24 12:02:39,2026-09-24 12:02:40,21,1298,16,2048,512,8,990.393,882,Heavy
2026-09-24 12:02:40,2026-09-24 12:02:41,21,1299,64,256,512,8,1042.7,864,Heavy
2026-09-24 12:02:41,2026-09-24 12:02:42,21,1300,64,256,384,8,1021.45,881,Heavy
2026-09-24 12:02:42,2026-09-24 12:02:43,21,1301,64,512,384,8,1008.35,896,Heavy
2026-09-24 12:02:44,2026-09-24 12:02:45,21,1302,32,2048,384,8,972.254,891,Heavy
2026-09-24 12:02:45,2026-09-24 12:02:46,21,1303,16,1024,256,8,999.522,875,Heavy
2026-09-24 12:02:46,2026-09-24 12:02:47,21,1304,64,256,256,8,1044.52,918,Heavy
2026-09-24 12:02:47,2026-09-24 12:02:48,21,1305,64,128,384,8,1126.97,952,Heavy
2026-09-24 12:02:48,2026-09-24 12:02:49,21,1306,32,2048,512,8,990.823,911,Heavy
2026-09-24 12:02:49,2026-09-24 12:02:50,21,1307,16,512,512,8,1003.51,864,Heavy
2026-09-24 12:02:50,2026-09-24 12:02:51,21,1308,16,128,512,8,1070.8,902,Heavy
2026-09-24 12:02:51,2026-09-24 12:02:52,21,1309,64,1024,512,8,1005.89,911,Heavy
2026-09-24 12:02:52,2026-09-24 12:02:53,21,1310,32,1024,512,8,988.146,899,Heavy
2026-09-24 12:02:53,2026-09-24 12:02:54,21,1311,64,1024,256,8,1008.8,896,Heavy
2026-09-24 12:02:54,2026-09-24 12:02:55,21,1312,64,512,512,8,990.702,914,Heavy
2026-09-24 12:02:55,2026-09-24 12:02:56,21,1313,64,2048,384,8,990.485,904,Heavy
2026-09-24 12:02:56,2026-09-24 12:02:57,21,1314,32,512,384,8,974.79,907,Heavy
2026-09-24 12:02:57,2026-09-24 12:02:58,21,1315,32,256,384,8,1013.17,886,Heavy
2026-09-24 12:02:58,2026-09-24 12:02:59,21,1316,32,1024,384,8,969.871,899,Heavy
2026-09-24 12:02:59,2026-09-24 12:03:01,21,1317,64,128,198,8,1065.31,884,Heavy
2026-09-24 12:03:01,2026-09-24 12:03:02,21,1318,16,2048,256,8,980.125,891,Heavy
2026-09-24 12:03:02,2026-09-24 12:03:03,21,1319,32,512,256,8,1021.23,,
2026-09-24 12:03:03,2026-09-24 12:03:04,21,1320,16,256,256,8,1082.66,876,Heavy
2026-09-24 12:03:04,2026-09-24 12:03:05,22,1321,32,2048,198,8,1040.2,923,Heavy
2026-09-24 12:03:05,2026-09-24 12:03:06,22,1322,64,256,384,8,1039.32,905,Heavy
2026-09-24 12:03:06,2026-09-24 12:03:07,22,1323,32,512,384,8,993.225,894,Heavy
2026-09-24 12:03:07,2026-09-24 12:03:08,22,1324,16,2048,512,8,982.499,888,Heavy
2026-09-24 12:03:08,2026-09-24 12:03:09,22,1325,64,128,512,8,1072.48,867,Heavy
2026-09-24 12:03:09,2026-09-24 12:03:10,22,1326,16,2048,256,8,974.612,893,Heavy
2026-09-24 12:03:10,2026-09-24 12:03:11,22,1327,16,2048,384,8,981.178,923,Heavy
2026-09-24 12:03:11,2026-09-24 12:03:12,22,1328,64,256,512,8,999.029,867,Heavy
2026-09-24 12:03:12,2026-09-24 12:03:13,22,1329,32,128,256,8,1098.32,888,Heavy
2026-09-24 12:03:13,2026-09-24 12:03:14,22,1330,32,128,512,8,1056.29,944,Heavy
2026-09-24 12:03:15,2026-09-24 12:03:16,22,1331,16,2048,198,8,1002.28,886,Heavy
2026-09-24 12:03:16,2026-09-24 12:03:17,22,1332,16,256,256,8,1071.29,860,Heavy
2026-09-24 12:03:17,2026-09-24 12:03:18,22,1333,64,512,198,8,1032.86,884,Heavy
2026-09-24 12:03:18,2026-09-24 12:03:19,22,1334,64,1024,512,8,984.179,900,Heavy
2026-09-24 12:03:19,2026-09-24 12:03:20,22,1335,32,2048,384,8,976.581,894,Heavy
2026-09-24 12:03:20,2026-09-24 12:03:21,22,1336,16,512,512,8,975.637,885,Heavy
2026-09-24 12:03:21,2026-09-24 12:03:22,22,1337,16,256,198,8,1118.66,879,Heavy
2026-09-24 12:03:22,2026-09-24 12:03:23,22,1338,32,1024,256,8,977.283,953,Heavy
2026-09-24 12:03:23,2026-09-24 12:03:24,22,1339,32,2048,512,8,983.483,926,Heavy
2026-09-24 12:03:24,2026-09-24 12:03:25,22,1340,32,256,384,8,1009.87,879,Heavy
2026-09-24 12:03:25,2026-09-24 12:03:26,22,1341,64,1024,198,8,1001.36,888,Heavy
2026-09-24 12:03:26,2026-09-24 12:03:27,22,1342,32,256,198,8,1067.95,899,Heavy
2026-09-24 12:03:27,2026-09-24 12:03:28,22,1343,64,512,384,8,1005.79,926,Heavy
2026-09-24 12:03:28,2026-09-24 12:03:29,22,1344,64,256,198,8,1055.55,923,Heavy
2026-09-24 12:03:29,2026-09-24 12:03:31,22,1345,64,128,384,8,1089.43,917,Heavy
2026-09-24 12:03:31,2026-09-24 12:03:32,22,1346,32,256,512,8,1020.17,914,Heavy
2026-09-24 12:03:32,2026-09-24 12:03:33,22,1347,16,256,384,8,1049.82,862,Heavy
2026-09-24 12:03:33,2026-09-24 12:03:34,22,1348,64,512,512,8,1006.32,860,Heavy
2026-09-24 12:03:34,2026-09-24 12:03:35,22,1349,32,512,198,8,1040.63,893,Heavy
2026-09-24 12:03:35,2026-09-24 12:03:36,22,1350,16,1024,256,8,1011.98,908,Heavy
2026-09-24 12:03:36,2026-09-24 12:03:37,22,1351,16,128,256,8,1191.46,897,Heavy
2026-09-24 12:03:37,2026-09-24 12:03:38,22,1352,32,1024,512,8,984.165,1006,Heavy
2026-09-24 12:03:38,2026-09-24 12:03:39,22,1353,32,512,256,8,1053.65,944,Heavy
2026-09-24 12:03:39,2026-09-24 12:03:40,22,1354,64,1024,256,8,1001.88,867,Heavy
2026-09-24 12:03:40,2026-09-24 12:03:41,22,1355,16,512,384,8,991.091,899,Heavy
2026-09-24 12:03:41,2026-09-24 12:03:43,22,1356,32,128,384,8,1072.97,888,Heavy
2026-09-24 12:03:43,2026-09-24 12:03:44,22,1357,64,256,256,8,1051.68,927,Heavy
2026-09-24 12:03:44,2026-09-24 12:03:45,22,1358,64,128,198,8,1065.78,920,Heavy
2026-09-24 12:03:45,2026-09-24 12:03:46,22,1359,16,512,198,8,1048.48,1029,Heavy
2026-09-24 12:03:46,2026-09-24 12:03:47,22,1360,64,128,256,8,1092.2,854,Heavy
2026-09-24 12:03:47,2026-09-24 12:03:48,22,1361,64,2048,256,8,1004.11,970,Heavy
2026-09-24 12:03:48,2026-09-24 12:03:49,22,1362,16,256,512,8,1011.71,899,Heavy
2026-09-24 12:03:49,2026-09-24 12:03:50,22,1363,16,1024,198,8,1018.12,867,Heavy
2026-09-24 12:03:50,2026-09-24 12:03:51,22,1364,64,1024,384,8,986.195,870,Heavy
2026-09-24 12:03:51,2026-09-24 12:03:52,22,1365,32,128,198,8,1101.43,882,Heavy
2026-09-24 12:03:52,2026-09-24 12:03:54,22,1366,16,128,384,8,1108.24,1006,Heavy
2026-09-24 12:03:54,2026-09-24 12:03:55,22,1367,32,1024,198,8,1006.11,911,Heavy
2026-09-24 12:03:55,2026-09-24 12:03:56,22,1368,16,128,198,8,1184.54,911,Heavy
2026-09-24 12:03:56,2026-09-24 12:03:57,22,1369,16,512,256,8,1021.9,1093,Heavy
2026-09-24 12:03:57,2026-09-24 12:03:58,22,1370,32,512,512,8,988.937,870,Heavy
2026-09-24 12:03:58,2026-09-24 12:03:59,22,1371,64,512,256,8,1028.64,860,Heavy
2026-09-24 12:03:59,2026-09-24 12:04:00,22,1372,16,128,512,8,1078.28,884,Heavy
2026-09-24 12:04:00,2026-09-24 12:04:01,22,1373,32,1024,384,8,993.36,920,Heavy
2026-09-24 12:04:01,2026-09-24 12:04:02,22,1374,64,2048,198,8,1005.42,896,Heavy
2026-09-24 12:04:02,2026-09-24 12:04:03,22,1375,64,2048,512,8,1002.38,882,Heavy
2026-09-24 12:04:03,2026-09-24 12:04:04,22,1376,16,1024,512,8,961.248,899,Heavy
2026-09-24 12:04:04,2026-09-24 12:04:05,22,1377,32,256,256,8,1045.35,885,Heavy
2026-09-24 12:04:05,2026-09-24 12:04:06,22,1378,64,2048,384,8,969.338,923,Heavy
2026-09-24 12:04:06,2026-09-24 12:04:07,22,1379,32,2048,256,8,978.787,912,Heavy
2026-09-24 12:04:08,2026-09-24 12:04:08,22,1380,16,1024,384,8,952.048,888,Heavy
2026-09-24 12:04:09,2026-09-24 12:04:10,23,1381,32,128,384,8,1090.39,923,Heavy
2026-09-24 12:04:10,2026-09-24 12:04:11,23,1382,64,128,512,8,1056.67,950,Heavy
2026-09-24 12:04:11,2026-09-24 12:04:12,23,1383,16,256,512,8,1012.83,917,Heavy
2026-09-24 12:04:12,2026-09-24 12:04:13,23,1384,16,2048,512,8,982.148,870,Heavy
2026-09-24 12:04:13,2026-09-24 12:04:14,23,1385,32,256,198,8,1076.9,876,Heavy
2026-09-24 12:04:14,2026-09-24 12:04:15,23,1386,32,512,198,8,1016.67,919,Heavy
2026-09-24 12:04:15,2026-09-24 12:04:16,23,1387,32,2048,384,8,980.113,886,Heavy
2026-09-24 12:04:16,2026-09-24 12:04:17,23,1388,16,256,384,8,1025.05,878,Heavy
2026-09-24 12:04:17,2026-09-24 12:04:18,23,1389,64,256,198,8,1068.97,872,Heavy
2026-09-24 12:04:18,2026-09-24 12:04:19,23,1390,64,256,384,8,1019.36,936,Heavy
2026-09-24 12:04:19,2026-09-24 12:04:20,23,1391,64,2048,384,8,996.415,911,Heavy
2026-09-24 12:04:20,2026-09-24 12:04:21,23,1392,16,2048,384,8,986.291,905,Heavy
2026-09-24 12:04:22,2026-09-24 12:04:23,23,1393,32,256,256,8,1046.45,926,Heavy
2026-09-24 12:04:23,2026-09-24 12:04:24,23,1394,16,1024,256,8,976.665,899,Heavy
2026-09-24 12:04:24,2026-09-24 12:04:25,23,1395,64,1024,384,8,987.407,890,Heavy
2026-09-24 12:04:25,2026-09-24 12:04:26,23,1396,16,1024,198,8,991.059,897,Heavy
2026-09-24 12:04:26,2026-09-24 12:04:27,23,1397,16,2048,198,8,985.084,894,Heavy
2026-09-24 12:04:27,2026-09-24 12:04:28,23,1398,32,128,256,8,1081.74,956,Heavy
2026-09-24 12:04:28,2026-09-24 12:04:29,23,1399,16,128,198,8,1182.03,1033,Heavy
2026-09-24 12:04:29,2026-09-24 12:04:30,23,1400,32,1024,384,8,978.825,1081,Heavy
2026-09-24 12:04:30,2026-09-24 12:04:31,23,1401,64,128,384,8,1107.87,879,Heavy
2026-09-24 12:04:31,2026-09-24 12:04:32,23,1402,64,256,256,8,1048.0,892,Heavy
2026-09-24 12:04:32,2026-09-24 12:04:33,23,1403,32,2048,256,8,995.563,871,Heavy
2026-09-24 12:04:33,2026-09-24 12:04:35,23,1404,16,128,512,8,1085.25,875,Heavy
2026-09-24 12:04:35,2026-09-24 12:04:36,23,1405,16,2048,256,8,982.217,879,Heavy
2026-09-24 12:04:36,2026-09-24 12:04:37,23,1406,16,512,384,8,990.219,867,Heavy
2026-09-24 12:04:37,2026-09-24 12:04:38,23,1407,32,2048,512,8,983.265,864,Heavy
2026-09-24 12:04:38,2026-09-24 12:04:39,23,1408,64,1024,256,8,999.733,893,Heavy
2026-09-24 12:04:39,2026-09-24 12:04:40,23,1409,64,2048,512,8,1002.64,888,Heavy
2026-09-24 12:04:40,2026-09-24 12:04:41,23,1410,64,256,512,8,1014.0,896,Heavy
2026-09-24 12:04:41,2026-09-24 12:04:42,23,1411,32,256,384,8,1028.26,924,Heavy
2026-09-24 12:04:42,2026-09-24 12:04:43,23,1412,64,512,256,8,1016.42,902,Heavy
2026-09-24 12:04:43,2026-09-24 12:04:44,23,1413,16,128,256,8,1193.32,963,Heavy
2026-09-24 12:04:44,2026-09-24 12:04:45,23,1414,16,512,256,8,1040.81,1022,Heavy
2026-09-24 12:04:45,2026-09-24 12:04:46,23,1415,32,512,384,8,1010.29,867,Heavy
2026-09-24 12:04:46,2026-09-24 12:04:48,23,1416,64,128,198,8,1130.08,850,Heavy
2026-09-24 12:04:48,2026-09-24 12:04:49,23,1417,16,128,384,8,1116.08,928,Heavy
2026-09-24 12:04:49,2026-09-24 12:04:50,23,1418,32,2048,198,8,1008.59,,
2026-09-24 12:04:50,2026-09-24 12:04:51,23,1419,16,1024,512,8,975.297,891,Heavy
2026-09-24 12:04:51,2026-09-24 12:04:52,23,1420,64,512,198,8,1036.2,861,Heavy
2026-09-24 12:04:52,2026-09-24 12:04:53,23,1421,32,1024,512,8,961.859,876,Heavy
2026-09-24 12:04:53,2026-09-24 12:04:54,23,1422,32,128,512,8,1067.74,899,Heavy
2026-09-24 12:04:54,2026-09-24 12:04:55,23,1423,64,2048,256,8,994.161,891,Heavy
2026-09-24 12:04:55,2026-09-24 12:04:56,23,1424,32,512,512,8,995.305,908,Heavy
2026-09-24 12:04:56,2026-09-24 12:04:57,23,1425,64,2048,198,8,988.883,891,Heavy
2026-09-24 12:04:57,2026-09-24 12:04:58,23,1426,64,1024,512,8,983.176,891,Heavy
2026-09-24 12:04:58,2026-09-24 12:04:59,23,1427,16,512,512,8,997.238,902,Heavy
2026-09-24 12:04:59,2026-09-24 12:05:00,23,1428,64,512,512,8,1002.36,894,Heavy
2026-09-24 12:05:00,2026-09-24 12:05:01,23,1429,64,512,384,8,989.012,911,Heavy
2026-09-24 12:05:01,2026-09-24 12:05:02,23,1430,64,128,256,8,1071.78,917,Heavy
2026-09-24 12:05:02,2026-09-24 12:05:03,23,1431,32,512,256,8,1004.37,930,Heavy
2026-09-24 12:05:04,2026-09-24 12:05:05,23,1432,16,512,198,8,1048.58,874,Heavy
2026-09-24 12:05:05,2026-09-24 12:05:06,23,1433,32,1024,198,8,992.118,878,Heavy
2026-09-24 12:05:06,2026-09-24 12:05:07,23,1434,32,128,198,8,1107.82,880,Heavy
2026-09-24 12:05:07,2026-09-24 12:05:08,23,1435,64,1024,198,8,1003.25,1044,Heavy
2026-09-24 12:05:08,2026-09-24 12:05:09,23,1436,32,1024,256,8,998.149,916,Heavy
2026-09-24 12:05:09,2026-09-24 12:05:10,23,1437,32,256,512,8,1003.79,867,Heavy
2026-09-24 12:05:10,2026-09-24 12:05:11,23,1438,16,256,198,8,1117.75,861,Heavy
2026-09-24 12:05:11,2026-09-24 12:05:12,23,1439,16,256,256,8,1066.16,914,Heavy
2026-09-24 12:05:12,2026-09-24 12:05:13,23,1440,16,1024,384,8,982.966,935,Heavy
2026-09-24 12:05:13,2026-09-24 12:05:14,24,1441,16,1024,198,8,1014.61,902,Heavy
2026-09-24 12:05:14,2026-09-24 12:05:15,24,1442,16,512,256,8,1032.23,873,Heavy
2026-09-24 12:05:15,2026-09-24 12:05:17,24,1443,64,128,198,8,1069.48,882,Heavy
2026-09-24 12:05:17,2026-09-24 12:05:18,24,1444,64,256,198,8,1077.6,1035,Heavy
2026-09-24 12:05:18,2026-09-24 12:05:19,24,1445,16,1024,512,8,981.262,879,Heavy
2026-09-24 12:05:19,2026-09-24 12:05:20,24,1446,32,256,512,8,1032.14,867,Heavy
2026-09-24 12:05:20,2026-09-24 12:05:21,24,1447,16,2048,512,8,991.336,861,Heavy
2026-09-24 12:05:21,2026-09-24 12:05:22,24,1448,32,1024,384,8,984.098,876,Heavy
2026-09-24 12:05:22,2026-09-24 12:05:23,24,1449,64,2048,256,8,988.666,870,Heavy
2026-09-24 12:05:23,2026-09-24 12:05:24,24,1450,64,2048,512,8,985.586,899,Heavy
2026-09-24 12:05:24,2026-09-24 12:05:25,24,1451,64,2048,198,8,987.773,894,Heavy
2026-09-24 12:05:25,2026-09-24 12:05:26,24,1452,16,1024,384,8,955.051,902,Heavy
2026-09-24 12:05:26,2026-09-24 12:05:27,24,1453,16,128,198,8,1171.76,894,Heavy
2026-09-24 12:05:27,2026-09-24 12:05:28,24,1454,32,1024,512,8,973.577,1044,Heavy
2026-09-24 12:05:28,2026-09-24 12:05:29,24,1455,16,128,256,8,1136.31,1016,Heavy
2026-09-24 12:05:29,2026-09-24 12:05:30,24,1456,64,512,384,8,1009.0,953,Heavy
2026-09-24 12:05:31,2026-09-24 12:05:32,24,1457,16,256,198,8,1104.52,899,Heavy
2026-09-24 12:05:32,2026-09-24 12:05:33,24,1458,16,512,198,8,1050.8,929,Heavy
2026-09-24 12:05:33,2026-09-24 12:05:34,24,1459,64,256,256,8,1044.26,872,Heavy
2026-09-24 12:05:34,2026-09-24 12:05:35,24,1460,32,2048,256,8,995.736,875,Heavy
2026-09-24 12:05:35,2026-09-24 12:05:36,24,1461,32,128,198,8,1099.89,878,Heavy
2026-09-24 12:05:36,2026-09-24 12:05:37,24,1462,64,1024,256,8,1019.19,1032,Heavy
2026-09-24 12:05:37,2026-09-24 12:05:38,24,1463,64,512,256,8,1018.93,909,Heavy
2026-09-24 12:05:38,2026-09-24 12:05:39,24,1464,64,128,384,8,1106.62,876,Heavy
2026-09-24 12:05:39,2026-09-24 12:05:40,24,1465,64,256,512,8,1018.01,905,Heavy
2026-09-24 12:05:40,2026-09-24 12:05:41,24,1466,64,512,512,8,1013.22,897,Heavy
2026-09-24 12:05:42,2026-09-24 12:05:42,24,1467,32,512,512,8,981.421,882,Heavy
2026-09-24 12:05:43,2026-09-24 12:05:44,24,1468,32,128,512,8,1073.14,882,Heavy
2026-09-24 12:05:44,2026-09-24 12:05:45,24,1469,32,2048,512,8,981.67,900,Heavy
2026-09-24 12:05:45,2026-09-24 12:05:46,24,1470,64,2048,384,8,998.541,873,Heavy
2026-09-24 12:05:46,2026-09-24 12:05:47,24,1471,16,256,512,8,1003.28,893,Heavy
2026-09-24 12:05:47,2026-09-24 12:05:48,24,1472,64,512,198,8,1031.69,886,Heavy
2026-09-24 12:05:48,2026-09-24 12:05:49,24,1473,32,512,256,8,1000.34,896,Heavy
2026-09-24 12:05:49,2026-09-24 12:05:50,24,1474,16,512,384,8,990.668,877,Heavy
2026-09-24 12:05:50,2026-09-24 12:05:51,24,1475,16,512,512,8,977.776,862,Heavy
2026-09-24 12:05:51,2026-09-24 12:05:52,24,1476,16,2048,384,8,980.378,862,Heavy
2026-09-24 12:05:52,2026-09-24 12:05:53,24,1477,32,2048,198,8,990.03,864,Heavy
2026-09-24 12:05:53,2026-09-24 12:05:54,24,1478,16,2048,256,8,1019.36,878,Heavy
2026-09-24 12:05:54,2026-09-24 12:05:55,24,1479,32,256,384,8,1030.53,879,Heavy
2026-09-24 12:05:55,2026-09-24 12:05:56,24,1480,64,1024,198,8,1019.7,902,Heavy
2026-09-24 12:05:56,2026-09-24 12:05:57,24,1481,32,512,384,8,995.407,891,Heavy
2026-09-24 12:05:57,2026-09-24 12:05:58,24,1482,16,256,256,8,1090.67,885,Heavy
2026-09-24 12:05:59,2026-09-24 12:06:00,24,1483,32,1024,256,8,992.498,902,Heavy
2026-09-24 12:06:00,2026-09-24 12:06:01,24,1484,64,128,512,8,1079.93,882,Heavy
2026-09-24 12:06:01,2026-09-24 12:06:02,24,1485,32,2048,384,8,989.187,902,Heavy
2026-09-24 12:06:02,2026-09-24 12:06:03,24,1486,32,256,256,8,1075.62,873,Heavy
2026-09-24 12:06:03,2026-09-24 12:06:04,24,1487,64,256,384,8,1023.69,906,Heavy
2026-09-24 12:06:04,2026-09-24 12:06:05,24,1488,64,128,256,8,1112.01,885,Heavy
2026-09-24 12:06:05,2026-09-24 12:06:06,24,1489,64,1024,512,8,997.053,946,Heavy
2026-09-24 12:06:06,2026-09-24 12:06:07,24,1490,32,256,198,8,1103.82,857,Heavy
2026-09-24 12:06:07,2026-09-24 12:06:08,24,1491,16,2048,198,8,1013.14,880,Heavy
2026-09-24 12:06:08,2026-09-24 12:06:10,24,1492,16,128,384,8,1136.83,885,Heavy
2026-09-24 12:06:10,2026-09-24 12:06:11,24,1493,16,128,512,8,1097.56,895,Heavy
2026-09-24 12:06:11,2026-09-24 12:06:12,24,1494,16,1024,256,8,1026.02,864,Heavy
2026-09-24 12:06:12,2026-09-24 12:06:13,24,1495,32,128,256,8,1123.88,895,Heavy
2026-09-24 12:06:13,2026-09-24 12:06:14,24,1496,32,1024,198,8,1038.91,927,Heavy
2026-09-24 12:06:14,2026-09-24 12:06:15,24,1497,32,512,198,8,1063.46,861,Heavy
2026-09-24 12:06:15,2026-09-24 12:06:16,24,1498,16,256,384,8,1083.63,845,Heavy
2026-09-24 12:06:16,2026-09-24 12:06:17,24,1499,32,128,384,8,1136.06,841,Heavy
2026-09-24 12:06:18,2026-09-24 12:06:19,24,1500,64,1024,384,8,1018.96,882,Heavy
2026-09-24 12:06:19,2026-09-24 12:06:20,25,1501,64,2048,198,8,1071.13,864,Heavy
2026-09-24 12:06:20,2026-09-24 12:06:21,25,1502,32,512,256,8,1044.13,861,Heavy
2026-09-24 12:06:21,2026-09-24 12:06:22,25,1503,16,2048,256,8,1024.27,864,Heavy
2026-09-24 12:06:22,2026-09-24 12:06:23,25,1504,16,2048,198,8,1015.45,861,Heavy
2026-09-24 12:06:23,2026-09-24 12:06:24,25,1505,64,256,198,8,1091.93,873,Heavy
2026-09-24 12:06:24,2026-09-24 12:06:25,25,1506,64,2048,256,8,1006.93,899,Heavy
2026-09-24 12:06:25,2026-09-24 12:06:26,25,1507,32,2048,512,8,1014.83,864,Heavy
2026-09-24 12:06:26,2026-09-24 12:06:27,25,1508,16,128,198,8,1189.42,852,Heavy
2026-09-24 12:06:27,2026-09-24 12:06:29,25,1509,16,512,256,8,1052.4,1062,Heavy
2026-09-24 12:06:29,2026-09-24 12:06:30,25,1510,32,1024,198,8,1024.29,870,Heavy
2026-09-24 12:06:30,2026-09-24 12:06:31,25,1511,64,512,198,8,1054.84,861,Heavy
2026-09-24 12:06:31,2026-09-24 12:06:32,25,1512,64,256,256,8,1063.35,870,Heavy
2026-09-24 12:06:32,2026-09-24 12:06:33,25,1513,32,256,512,8,1038.35,867,Heavy
2026-09-24 12:06:33,2026-09-24 12:06:34,25,1514,16,2048,384,8,1001.38,861,Heavy
2026-09-24 12:06:34,2026-09-24 12:06:35,25,1515,32,2048,198,8,1024.16,861,Heavy
2026-09-24 12:06:35,2026-09-24 12:06:36,25,1516,32,128,256,8,1123.91,889,Heavy
2026-09-24 12:06:36,2026-09-24 12:06:37,25,1517,32,128,198,8,1140.75,931,Heavy
2026-09-24 12:06:37,2026-09-24 12:06:39,25,1518,64,128,256,8,1141.47,967,Heavy
2026-09-24 12:06:39,2026-09-24 12:06:40,25,1519,64,256,384,8,1143.85,893,Heavy
2026-09-24 12:06:40,2026-09-24 12:06:41,25,1520,16,128,512,8,1189.69,870,Heavy
2026-09-24 12:06:41,2026-09-24 12:06:42,25,1521,32,512,384,8,1045.74,858,Heavy
2026-09-24 12:06:42,2026-09-24 12:06:43,25,1522,16,512,512,8,1063.39,861,Heavy
2026-09-24 12:06:43,2026-09-24 12:06:44,25,1523,32,2048,256,8,1028.05,858,Heavy
2026-09-24 12:06:44,2026-09-24 12:06:45,25,1524,16,512,384,8,1030.79,840,Heavy
2026-09-24 12:06:46,2026-09-24 12:06:47,25,1525,64,1024,198,8,1028.38,867,Heavy
2026-09-24 12:06:47,2026-09-24 12:06:48,25,1526,16,256,384,8,1059.32,,
2026-09-24 12:06:48,2026-09-24 12:06:49,25,1527,16,1024,198,8,1023.38,864,Heavy
2026-09-24 12:06:49,2026-09-24 12:06:50,25,1528,16,256,256,8,1101.26,864,Heavy
2026-09-24 12:06:50,2026-09-24 12:06:51,25,1529,16,256,512,8,1044.33,867,Heavy
2026-09-24 12:06:51,2026-09-24 12:06:52,25,1530,16,1024,384,8,1023.39,876,Heavy
2026-09-24 12:06:52,2026-09-24 12:06:53,25,1531,32,128,512,8,1217.62,858,Heavy
2026-09-24 12:06:53,2026-09-24 12:06:55,25,1532,32,256,256,8,1184.97,867,Heavy
2026-09-24 12:06:55,2026-09-24 12:06:56,25,1533,32,512,512,8,1044.12,876,Heavy
2026-09-24 12:06:56,2026-09-24 12:06:57,25,1534,16,256,198,8,1162.29,869,Heavy
2026-09-24 12:06:57,2026-09-24 12:06:58,25,1535,16,1024,256,8,1020.3,878,Heavy
2026-09-24 12:06:58,2026-09-24 12:06:59,25,1536,64,128,512,8,1120.0,888,Heavy
2026-09-24 12:06:59,2026-09-24 12:07:00,25,1537,64,1024,256,8,1037.05,867,Heavy
2026-09-24 12:07:00,2026-09-24 12:07:01,25,1538,64,128,384,8,1125.5,873,Heavy
2026-09-24 12:07:01,2026-09-24 12:07:03,25,1539,32,1024,256,8,1034.43,870,Heavy
2026-09-24 12:07:03,2026-09-24 12:07:04,25,1540,32,1024,384,8,1020.21,849,Heavy
2026-09-24 12:07:04,2026-09-24 12:07:05,25,1541,64,512,512,8,1028.31,833,Heavy
2026-09-24 12:07:05,2026-09-24 12:07:06,25,1542,32,256,198,8,1110.16,859,Heavy
2026-09-24 12:07:06,2026-09-24 12:07:07,25,1543,64,512,256,8,1041.99,863,Heavy
2026-09-24 12:07:07,2026-09-24 12:07:08,25,1544,16,512,198,8,1063.13,882,Heavy
2026-09-24 12:07:08,2026-09-24 12:07:09,25,1545,32,256,384,8,1053.42,864,Heavy
2026-09-24 12:07:09,2026-09-24 12:07:10,25,1546,32,2048,384,8,1010.81,870,Heavy
2026-09-24 12:07:10,2026-09-24 12:07:11,25,1547,64,1024,512,8,1018.47,861,Heavy
2026-09-24 12:07:11,2026-09-24 12:07:12,25,1548,32,128,384,8,1105.79,864,Heavy
2026-09-24 12:07:13,2026-09-24 12:07:14,25,1549,16,128,384,8,1144.88,887,Heavy
2026-09-24 12:07:14,2026-09-24 12:07:15,25,1550,64,1024,384,8,1025.67,843,Heavy
2026-09-24 12:07:15,2026-09-24 12:07:16,25,1551,16,1024,512,8,1021.33,858,Heavy
2026-09-24 12:07:16,2026-09-24 12:07:17,25,1552,64,128,198,8,1107.21,858,Heavy
2026-09-24 12:07:17,2026-09-24 12:07:18,25,1553,64,2048,384,8,1032.39,968,Heavy
2026-09-24 12:07:18,2026-09-24 12:07:19,25,1554,64,512,384,8,1027.26,908,Heavy
2026-09-24 12:07:19,2026-09-24 12:07:20,25,1555,32,512,198,8,1061.48,861,Heavy
2026-09-24 12:07:20,2026-09-24 12:07:21,25,1556,16,2048,512,8,1014.81,867,Heavy
2026-09-24 12:07:21,2026-09-24 12:07:22,25,1557,64,256,512,8,1041.16,864,Heavy
2026-09-24 12:07:22,2026-09-24 12:07:24,25,1558,16,128,256,8,1173.21,864,Heavy
2026-09-24 12:07:24,2026-09-24 12:07:25,25,1559,64,2048,512,8,1035.93,943,Heavy
2026-09-24 12:07:25,2026-09-24 12:07:26,25,1560,32,1024,512,8,1005.23,851,Heavy
2026-09-24 12:07:26,2026-09-24 12:07:27,26,1561,64,512,512,8,1042.13,849,Heavy
2026-09-24 12:07:27,2026-09-24 12:07:28,26,1562,64,512,198,8,1053.77,867,Heavy
2026-09-24 12:07:28,2026-09-24 12:07:29,26,1563,32,1024,512,8,1013.95,864,Heavy
2026-09-24 12:07:29,2026-09-24 12:07:30,26,1564,32,1024,384,8,996.366,864,Heavy
2026-09-24 12:07:30,2026-09-24 12:07:31,26,1565,64,2048,384,8,1011.8,861,Heavy
2026-09-24 12:07:31,2026-09-24 12:07:32,26,1566,16,512,256,8,1028.1,864,Heavy
2026-09-24 12:07:32,2026-09-24 12:07:33,26,1567,64,256,384,8,1041.72,861,Heavy
2026-09-24 12:07:33,2026-09-24 12:07:34,26,1568,32,512,384,8,1010.56,873,Heavy
2026-09-24 12:07:35,2026-09-24 12:07:36,26,1569,64,2048,512,8,1022.75,867,Heavy
2026-09-24 12:07:36,2026-09-24 12:07:37,26,1570,32,128,256,8,1118.93,896,Heavy
2026-09-24 12:07:37,2026-09-24 12:07:38,26,1571,32,128,198,8,1144.71,939,Heavy
2026-09-24 12:07:38,2026-09-24 12:07:39,26,1572,16,1024,256,8,1034.07,964,Heavy
2026-09-24 12:07:39,2026-09-24 12:07:40,26,1573,32,128,512,8,1107.51,869,Heavy
2026-09-24 12:07:40,2026-09-24 12:07:41,26,1574,64,256,256,8,1081.31,861,Heavy
2026-09-24 12:07:41,2026-09-24 12:07:42,26,1575,32,1024,256,8,1047.25,861,Heavy
2026-09-24 12:07:42,2026-09-24 12:07:44,26,1576,16,128,256,8,1198.69,863,Heavy
2026-09-24 12:07:44,2026-09-24 12:07:45,26,1577,64,128,512,8,1099.14,935,Heavy
2026-09-24 12:07:45,2026-09-24 12:07:46,26,1578,32,512,512,8,1122.38,858,Heavy
2026-09-24 12:07:46,2026-09-24 12:07:47,26,1579,64,256,198,8,1097.81,828,Heavy
2026-09-24 12:07:47,2026-09-24 12:07:48,26,1580,64,128,256,8,1140.67,864,Heavy
2026-09-24 12:07:48,2026-09-24 12:07:49,26,1581,16,1024,384,8,1021.16,905,Heavy
2026-09-24 12:07:49,2026-09-24 12:07:51,26,1582,32,256,256,8,1092.67,885,Heavy
2026-09-24 12:07:51,2026-09-24 12:07:52,26,1583,16,512,198,8,1077.02,864,Heavy
2026-09-24 12:07:52,2026-09-24 12:07:53,26,1584,64,1024,384,8,1028.59,864,Heavy
2026-09-24 12:07:53,2026-09-24 12:07:54,26,1585,64,1024,198,8,1040.47,858,Heavy
2026-09-24 12:07:54,2026-09-24 12:07:55,26,1586,16,2048,256,8,1021.19,861,Heavy
2026-09-24 12:07:55,2026-09-24 12:07:56,26,1587,64,512,384,8,1018.65,851,Heavy
2026-09-24 12:07:56,2026-09-24 12:07:57,26,1588,64,1024,512,8,1009.93,848,Heavy
2026-09-24 12:07:57,2026-09-24 12:07:58,26,1589,16,2048,384,8,1006.06,854,Heavy
2026-09-24 12:07:58,2026-09-24 12:07:59,26,1590,64,2048,198,8,1026.4,861,Heavy
2026-09-24 12:07:59,2026-09-24 12:08:00,26,1591,16,256,256,8,1086.16,867,Heavy
2026-09-24 12:08:00,2026-09-24 12:08:01,26,1592,64,2048,256,8,1018.08,870,Heavy
2026-09-24 12:08:01,2026-09-24 12:08:03,26,1593,16,256,198,8,1180.42,885,Heavy
2026-09-24 12:08:03,2026-09-24 12:08:04,26,1594,64,256,512,8,1044.06,917,Heavy
2026-09-24 12:08:04,2026-09-24 12:08:05,26,1595,16,2048,512,8,1023.36,858,Heavy
2026-09-24 12:08:05,2026-09-24 12:08:06,26,1596,32,512,256,8,1034.46,855,Heavy
2026-09-24 12:08:06,2026-09-24 12:08:07,26,1597,64,128,198,8,1114.0,876,Heavy
2026-09-24 12:08:07,2026-09-24 12:08:08,26,1598,16,512,384,8,1028.98,982,Heavy
2026-09-24 12:08:08,2026-09-24 12:08:09,26,1599,16,2048,198,8,1036.89,857,Heavy
2026-09-24 12:08:09,2026-09-24 12:08:10,26,1600,16,256,512,8,1037.97,858,Heavy
2026-09-24 12:08:10,2026-09-24 12:08:11,26,1601,32,1024,198,8,1039.06,858,Heavy
2026-09-24 12:08:12,2026-09-24 12:08:13,26,1602,32,256,512,8,1031.19,861,Heavy
2026-09-24 12:08:13,2026-09-24 12:08:14,26,1603,32,128,384,8,1122.1,867,Heavy
2026-09-24 12:08:14,2026-09-24 12:08:15,26,1604,16,256,384,8,1057.81,870,Heavy
2026-09-24 12:08:15,2026-09-24 12:08:16,26,1605,64,128,384,8,1120.05,867,Heavy
2026-09-24 12:08:16,2026-09-24 12:08:17,26,1606,32,2048,384,8,1018.2,864,Heavy
2026-09-24 12:08:17,2026-09-24 12:08:18,26,1607,16,1024,512,8,1022.01,858,Heavy
2026-09-24 12:08:18,2026-09-24 12:08:19,26,1608,32,2048,198,8,1028.17,842,Heavy
2026-09-24 12:08:19,2026-09-24 12:08:20,26,1609,16,512,512,8,1019.11,847,Heavy
2026-09-24 12:08:20,2026-09-24 12:08:21,26,1610,64,1024,256,8,1010.43,861,Heavy
2026-09-24 12:08:21,2026-09-24 12:08:22,26,1611,16,1024,198,8,1031.67,867,Heavy
2026-09-24 12:08:23,2026-09-24 12:08:24,26,1612,16,128,512,8,1089.54,870,Heavy
2026-09-24 12:08:24,2026-09-24 12:08:25,26,1613,32,512,198,8,1058.69,876,Heavy
2026-09-24 12:08:25,2026-09-24 12:08:26,26,1614,32,256,384,8,1039.31,867,Heavy
2026-09-24 12:08:26,2026-09-24 12:08:27,26,1615,16,128,384,8,1144.67,870,Heavy
2026-09-24 12:08:27,2026-09-24 12:08:28,26,1616,32,2048,512,8,1024.11,876,Heavy
2026-09-24 12:08:28,2026-09-24 12:08:29,26,1617,32,2048,256,8,1028.12,858,Heavy
2026-09-24 12:08:29,2026-09-24 12:08:30,26,1618,16,128,198,8,1193.46,856,Heavy
2026-09-24 12:08:31,2026-09-24 12:08:32,26,1619,64,512,256,8,1055.05,902,Heavy
2026-09-24 12:08:32,2026-09-24 12:08:33,26,1620,32,256,198,8,1100.35,870,Heavy
2026-09-24 12:08:33,2026-09-24 12:08:34,27,1621,32,256,198,8,1154.54,869,Heavy
2026-09-24 12:08:34,2026-09-24 12:08:35,27,1622,64,256,384,8,1076.65,876,Heavy
2026-09-24 12:08:35,2026-09-24 12:08:36,27,1623,32,1024,512,8,1015.01,858,Heavy
2026-09-24 12:08:36,2026-09-24 12:08:37,27,1624,64,2048,256,8,1029.48,858,Heavy
2026-09-24 12:08:37,2026-09-24 12:08:38,27,1625,16,512,512,8,1012.61,858,Heavy
2026-09-24 12:08:38,2026-09-24 12:08:39,27,1626,32,128,384,8,1115.64,856,Heavy
2026-09-24 12:08:40,2026-09-24 12:08:41,27,1627,32,128,256,8,1135.41,938,Heavy
2026-09-24 12:08:41,2026-09-24 12:08:42,27,1628,16,2048,256,8,1029.18,888,Heavy
2026-09-24 12:08:42,2026-09-24 12:08:43,27,1629,16,512,256,8,1054.68,858,Heavy
2026-09-24 12:08:43,2026-09-24 12:08:44,27,1630,32,2048,512,8,1025.18,864,Heavy
2026-09-24 12:08:44,2026-09-24 12:08:45,27,1631,32,512,256,8,1028.58,861,Heavy
2026-09-24 12:08:45,2026-09-24 12:08:46,27,1632,16,256,198,8,1135.59,882,Heavy
2026-09-24 12:08:46,2026-09-24 12:08:47,27,1633,32,1024,256,8,1011.51,,
2026-09-24 12:08:47,2026-09-24 12:08:48,27,1634,16,2048,384,8,1007.01,902,Heavy
2026-09-24 12:08:48,2026-09-24 12:08:49,27,1635,64,512,256,8,1027.61,858,Heavy
2026-09-24 12:08:49,2026-09-24 12:08:50,27,1636,32,512,384,8,1016.2,861,Heavy
2026-09-24 12:08:51,2026-09-24 12:08:52,27,1637,32,1024,384,8,993.144,848,Heavy
2026-09-24 12:08:52,2026-09-24 12:08:53,27,1638,32,2048,384,8,1003.7,855,Heavy
2026-09-24 12:08:53,2026-09-24 12:08:54,27,1639,16,128,512,8,1097.87,864,Heavy
2026-09-24 12:08:54,2026-09-24 12:08:55,27,1640,32,256,512,8,1029.3,882,Heavy
2026-09-24 12:08:55,2026-09-24 12:08:56,27,1641,16,256,384,8,1047.33,884,Heavy
2026-09-24 12:08:56,2026-09-24 12:08:57,27,1642,64,1024,512,8,1013.6,864,Heavy
2026-09-24 12:08:57,2026-09-24 12:08:58,27,1643,16,128,384,8,1126.51,867,Heavy
2026-09-24 12:08:58,2026-09-24 12:08:59,27,1644,32,2048,256,8,1019.65,878,Heavy
2026-09-24 12:08:59,2026-09-24 12:09:00,27,1645,64,256,198,8,1101.49,884,Heavy
2026-09-24 12:09:00,2026-09-24 12:09:01,27,1646,16,1024,512,8,1010.39,870,Heavy
2026-09-24 12:09:02,2026-09-24 12:09:03,27,1647,32,512,198,8,1040.87,861,Heavy
2026-09-24 12:09:03,2026-09-24 12:09:04,27,1648,64,512,384,8,1023.72,844,Heavy
2026-09-24 12:09:04,2026-09-24 12:09:05,27,1649,64,256,256,8,1071.18,849,Heavy
2026-09-24 12:09:05,2026-09-24 12:09:06,27,1650,16,1024,256,8,1009.33,870,Heavy
2026-09-24 12:09:06,2026-09-24 12:09:07,27,1651,32,128,198,8,1139.27,875,Heavy
2026-09-24 12:09:07,2026-09-24 12:09:08,27,1652,64,1024,198,8,1023.89,977,Heavy
2026-09-24 12:09:08,2026-09-24 12:09:09,27,1653,16,2048,198,8,1026.41,926,Heavy
2026-09-24 12:09:09,2026-09-24 12:09:10,27,1654,16,2048,512,8,1000.79,861,Heavy
2026-09-24 12:09:10,2026-09-24 12:09:11,27,1655,16,256,512,8,1024.84,858,Heavy
2026-09-24 12:09:11,2026-09-24 12:09:12,27,1656,64,256,512,8,1028.2,864,Heavy
2026-09-24 12:09:12,2026-09-24 12:09:14,27,1657,64,512,198,8,1100.67,870,Heavy
2026-09-24 12:09:14,2026-09-24 12:09:15,27,1658,32,128,512,8,1067.33,881,Heavy
2026-09-24 12:09:15,2026-09-24 12:09:16,27,1659,16,1024,198,8,1025.24,857,Heavy
2026-09-24 12:09:16,2026-09-24 12:09:17,27,1660,32,256,384,8,1027.12,849,Heavy
2026-09-24 12:09:17,2026-09-24 12:09:18,27,1661,32,256,256,8,1066.57,867,Heavy
2026-09-24 12:09:18,2026-09-24 12:09:19,27,1662,64,512,512,8,1000.15,873,Heavy
2026-09-24 12:09:19,2026-09-24 12:09:20,27,1663,64,1024,384,8,1001.17,882,Heavy
2026-09-24 12:09:20,2026-09-24 12:09:21,27,1664,16,128,198,8,1169.61,870,Heavy
2026-09-24 12:09:21,2026-09-24 12:09:22,27,1665,64,128,384,8,1115.76,1019,Heavy
2026-09-24 12:09:22,2026-09-24 12:09:24,27,1666,64,1024,256,8,1022.95,1029,Heavy
2026-09-24 12:09:24,2026-09-24 12:09:25,27,1667,16,1024,384,8,1012.84,858,Heavy
2026-09-24 12:09:25,2026-09-24 12:09:26,27,1668,16,128,256,8,1156.76,882,Heavy
2026-09-24 12:09:26,2026-09-24 12:09:27,27,1669,16,512,198,8,1063.77,966,Heavy
2026-09-24 12:09:27,2026-09-24 12:09:28,27,1670,32,1024,198,8,1009.1,862,Heavy
2026-09-24 12:09:28,2026-09-24 12:09:29,27,1671,32,2048,198,8,1008.09,873,Heavy
2026-09-24 12:09:29,2026-09-24 12:09:30,27,1672,64,128,198,8,1069.82,864,Heavy
2026-09-24 12:09:30,2026-09-24 12:09:31,27,1673,64,128,256,8,1110.12,985,Heavy
2026-09-24 12:09:31,2026-09-24 12:09:32,27,1674,16,512,384,8,1008.55,977,Heavy
2026-09-24 12:09:32,2026-09-24 12:09:34,27,1675,64,128,512,8,1085.63,911,Heavy
2026-09-24 12:09:34,2026-09-24 12:09:35,27,1676,64,2048,198,8,1005.47,893,Heavy
2026-09-24 12:09:35,2026-09-24 12:09:36,27,1677,16,256,256,8,1076.84,876,Heavy
2026-09-24 12:09:36,2026-09-24 12:09:37,27,1678,64,2048,384,8,979.065,897,Heavy
2026-09-24 12:09:37,2026-09-24 12:09:38,27,1679,32,512,512,8,991.024,869,Heavy
2026-09-24 12:09:38,2026-09-24 12:09:39,27,1680,64,2048,512,8,980.168,867,Heavy
2026-09-24 12:09:39,2026-09-24 12:09:40,28,1681,32,512,198,8,1044.18,874,Heavy
2026-09-24 12:09:40,2026-09-24 12:09:41,28,1682,16,2048,198,8,982.859,896,Heavy
2026-09-24 12:09:41,2026-09-24 12:09:42,28,1683,64,2048,198,8,1008.57,872,Heavy
2026-09-24 12:09:42,2026-09-24 12:09:43,28,1684,16,512,198,8,1023.26,884,Heavy
2026-09-24 12:09:43,2026-09-24 12:09:44,28,1685,32,128,512,8,1056.48,888,Heavy
2026-09-24 12:09:44,2026-09-24 12:09:45,28,1686,32,1024,256,8,978.274,926,Heavy
2026-09-24 12:09:45,2026-09-24 12:09:46,28,1687,16,2048,512,8,983.054,887,Heavy
2026-09-24 12:09:46,2026-09-24 12:09:47,28,1688,64,1024,512,8,976.497,864,Heavy
2026-09-24 12:09:47,2026-09-24 12:09:48,28,1689,64,512,384,8,994.072,884,Heavy
2026-09-24 12:09:48,2026-09-24 12:09:49,28,1690,32,256,198,8,1048.78,905,Heavy
2026-09-24 12:09:49,2026-09-24 12:09:50,28,1691,32,2048,256,8,979.669,935,Heavy
2026-09-24 12:09:50,2026-09-24 12:09:52,28,1692,32,128,384,8,1056.19,914,Heavy
2026-09-24 12:09:52,2026-09-24 12:09:53,28,1693,32,512,384,8,983.155,908,Heavy
2026-09-24 12:09:53,2026-09-24 12:09:54,28,1694,16,256,198,8,1081.86,905,Heavy
2026-09-24 12:09:54,2026-09-24 12:09:55,28,1695,16,1024,256,8,978.922,929,Heavy
2026-09-24 12:09:55,2026-09-24 12:09:56,28,1696,16,1024,512,8,956.831,867,Heavy
2026-09-24 12:09:56,2026-09-24 12:09:57,28,1697,64,256,256,8,1039.46,885,Heavy
2026-09-24 12:09:57,2026-09-24 12:09:58,28,1698,64,2048,384,8,970.711,929,Heavy
2026-09-24 12:09:58,2026-09-24 12:09:59,28,1699,64,256,384,8,1014.42,905,Heavy
2026-09-24 12:09:59,2026-09-24 12:10:00,28,1700,32,512,512,8,970.013,914,Heavy
2026-09-24 12:10:00,2026-09-24 12:10:01,28,1701,32,256,256,8,1034.07,896,Heavy
2026-09-24 12:10:01,2026-09-24 12:10:02,28,1702,32,128,256,8,1067.92,925,Heavy
2026-09-24 12:10:02,2026-09-24 12:10:03,28,1703,32,128,198,8,1088.78,977,Heavy
2026-09-24 12:10:03,2026-09-24 12:10:04,28,1704,16,1024,198,8,995.517,1049,Heavy
2026-09-24 12:10:04,2026-09-24 12:10:05,28,1705,64,128,256,8,1093.89,896,Heavy
2026-09-24 12:10:06,2026-09-24 12:10:06,28,1706,32,1024,512,8,969.569,909,Heavy
2026-09-24 12:10:07,2026-09-24 12:10:08,28,1707,64,128,512,8,1065.33,902,Heavy
2026-09-24 12:10:08,2026-09-24 12:10:09,28,1708,64,512,198,8,1019.04,911,Heavy
2026-09-24 12:10:09,2026-09-24 12:10:10,28,1709,16,128,512,8,1070.15,914,Heavy
2026-09-24 12:10:10,2026-09-24 12:10:11,28,1710,32,1024,384,8,962.343,905,Heavy
2026-09-24 12:10:11,2026-09-24 12:10:12,28,1711,16,512,256,8,1015.31,870,Heavy
2026-09-24 12:10:12,2026-09-24 12:10:13,28,1712,16,1024,384,8,951.203,893,Heavy
2026-09-24 12:10:13,2026-09-24 12:10:14,28,1713,16,2048,384,8,965.224,867,Heavy
2026-09-24 12:10:14,2026-09-24 12:10:15,28,1714,32,1024,198,8,977.515,888,Heavy
2026-09-24 12:10:15,2026-09-24 12:10:16,28,1715,64,1024,256,8,985.771,908,Heavy
2026-09-24 12:10:16,2026-09-24 12:10:17,28,1716,64,1024,198,8,979.54,926,Heavy
2026-09-24 12:10:17,2026-09-24 12:10:18,28,1717,64,256,512,8,997.589,926,Heavy
2026-09-24 12:10:18,2026-09-24 12:10:19,28,1718,16,512,512,8,960.108,926,Heavy
2026-09-24 12:10:19,2026-09-24 12:10:20,28,1719,32,2048,198,8,978.471,891,Heavy
2026-09-24 12:10:20,2026-09-24 12:10:21,28,1720,64,2048,512,8,959.968,905,Heavy
2026-09-24 12:10:21,2026-09-24 12:10:22,28,1721,16,128,256,8,1101.92,927,Heavy
2026-09-24 12:10:22,2026-09-24 12:10:23,28,1722,16,512,384,8,962.607,1053,Heavy
2026-09-24 12:10:23,2026-09-24 12:10:24,28,1723,64,1024,384,8,969.738,880,Heavy
2026-09-24 12:10:24,2026-09-24 12:10:25,28,1724,32,512,256,8,987.388,910,Heavy
2026-09-24 12:10:25,2026-09-24 12:10:26,28,1725,64,2048,256,8,968.089,907,Heavy
2026-09-24 12:10:26,2026-09-24 12:10:27,28,1726,32,2048,384,8,957.306,919,Heavy
2026-09-24 12:10:27,2026-09-24 12:10:28,28,1727,64,128,384,8,1046.44,904,Heavy
2026-09-24 12:10:28,2026-09-24 12:10:29,28,1728,64,512,256,8,1000.48,944,Heavy
2026-09-24 12:10:30,2026-09-24 12:10:31,28,1729,16,128,384,8,1068.3,973,Heavy
2026-09-24 12:10:31,2026-09-24 12:10:32,28,1730,16,2048,256,8,966.778,905,Heavy
2026-09-24 12:10:32,2026-09-24 12:10:33,28,1731,64,512,512,8,974.258,897,Heavy
2026-09-24 12:10:33,2026-09-24 12:10:34,28,1732,64,256,198,8,1045.5,958,Heavy
2026-09-24 12:10:34,2026-09-24 12:10:35,28,1733,32,2048,512,8,953.978,,
2026-09-24 12:10:35,2026-09-24 12:10:36,28,1734,16,256,256,8,1035.63,905,Heavy
2026-09-24 12:10:36,2026-09-24 12:10:37,28,1735,32,256,384,8,989.024,932,Heavy
2026-09-24 12:10:37,2026-09-24 12:10:38,28,1736,16,128,198,8,1148.08,926,Heavy
2026-09-24 12:10:38,2026-09-24 12:10:39,28,1737,64,128,198,8,1042.8,1056,Heavy
2026-09-24 12:10:39,2026-09-24 12:10:40,28,1738,16,256,384,8,1017.01,1133,Heavy
2026-09-24 12:10:40,2026-09-24 12:10:41,28,1739,16,256,512,8,986.866,983,Heavy
2026-09-24 12:10:41,2026-09-24 12:10:42,28,1740,32,256,512,8,1002.91,879,Heavy
2026-09-24 12:10:42,2026-09-24 12:10:43,29,1741,32,1024,256,8,984.992,884,Heavy
2026-09-24 12:10:43,2026-09-24 12:10:44,29,1742,32,256,384,8,1021.73,896,Heavy
2026-09-24 12:10:44,2026-09-24 12:10:45,29,1743,16,1024,198,8,978.46,910,Heavy
2026-09-24 12:10:45,2026-09-24 12:10:46,29,1744,32,2048,256,8,969.961,904,Heavy
2026-09-24 12:10:46,2026-09-24 12:10:47,29,1745,16,256,512,8,979.403,887,Heavy
2026-09-24 12:10:47,2026-09-24 12:10:49,29,1746,64,256,198,8,1039.45,901,Heavy
2026-09-24 12:10:49,2026-09-24 12:10:50,29,1747,16,2048,256,8,951.885,952,Heavy
2026-09-24 12:10:50,2026-09-24 12:10:51,29,1748,64,512,198,8,1008.93,892,Heavy
2026-09-24 12:10:51,2026-09-24 12:10:52,29,1749,32,512,384,8,959.812,930,Heavy
2026-09-24 12:10:52,2026-09-24 12:10:53,29,1750,16,128,198,8,1142.26,900,Heavy
2026-09-24 12:10:53,2026-09-24 12:10:54,29,1751,16,512,384,8,954.181,1144,Heavy
2026-09-24 12:10:54,2026-09-24 12:10:55,29,1752,16,256,198,8,1083.04,946,Heavy
2026-09-24 12:10:55,2026-09-24 12:10:56,29,1753,32,512,512,8,962.135,956,Heavy
2026-09-24 12:10:56,2026-09-24 12:10:57,29,1754,64,256,256,8,1022.26,917,Heavy
2026-09-24 12:10:57,2026-09-24 12:10:58,29,1755,64,128,198,8,1028.84,941,Heavy
2026-09-24 12:10:58,2026-09-24 12:10:59,29,1756,32,128,512,8,1048.29,1036,Heavy
2026-09-24 12:10:59,2026-09-24 12:11:00,29,1757,32,128,256,8,1072.68,988,Heavy
2026-09-24 12:11:00,2026-09-24 12:11:01,29,1758,64,512,512,8,996.3,973,Heavy
2026-09-24 12:11:01,2026-09-24 12:11:02,29,1759,32,128,198,8,1063.27,958,Heavy
2026-09-24 12:11:02,2026-09-24 12:11:03,29,1760,64,1024,512,8,981.817,953,Heavy
2026-09-24 12:11:04,2026-09-24 12:11:04,29,1761,16,1024,256,8,966.209,893,Heavy
2026-09-24 12:11:05,2026-09-24 12:11:06,29,1762,64,1024,256,8,986.522,893,Heavy
2026-09-24 12:11:06,2026-09-24 12:11:07,29,1763,16,512,512,8,957.596,917,Heavy
2026-09-24 12:11:07,2026-09-24 12:11:08,29,1764,32,2048,512,8,960.352,896,Heavy
2026-09-24 12:11:08,2026-09-24 12:11:09,29,1765,32,2048,384,8,937.648,905,Heavy
2026-09-24 12:11:09,2026-09-24 12:11:10,29,1766,16,256,384,8,990.903,923,Heavy
2026-09-24 12:11:10,2026-09-24 12:11:11,29,1767,64,2048,512,8,950.986,937,Heavy
2026-09-24 12:11:11,2026-09-24 12:11:12,29,1768,32,1024,198,8,973.326,932,Heavy
2026-09-24 12:11:12,2026-09-24 12:11:13,29,1769,64,2048,384,8,946.45,936,Heavy
2026-09-24 12:11:13,2026-09-24 12:11:14,29,1770,64,512,256,8,982.925,943,Heavy
2026-09-24 12:11:14,2026-09-24 12:11:15,29,1771,64,2048,198,8,962.399,952,Heavy
2026-09-24 12:11:15,2026-09-24 12:11:16,29,1772,32,512,198,8,990.691,946,Heavy
2026-09-24 12:11:16,2026-09-24 12:11:17,29,1773,16,2048,384,8,943.225,934,Heavy
2026-09-24 12:11:17,2026-09-24 12:11:18,29,1774,16,512,256,8,973.891,904,Heavy
2026-09-24 12:11:18,2026-09-24 12:11:19,29,1775,32,256,512,8,977.089,925,Heavy
2026-09-24 12:11:19,2026-09-24 12:11:20,29,1776,64,2048,256,8,958.957,925,Heavy
2026-09-24 12:11:20,2026-09-24 12:11:21,29,1777,16,128,256,8,1093.76,943,Heavy
2026-09-24 12:11:21,2026-09-24 12:11:22,29,1778,32,1024,512,8,952.423,1066,Heavy
2026-09-24 12:11:22,2026-09-24 12:11:23,29,1779,16,128,384,8,1068.24,909,Heavy
2026-09-24 12:11:23,2026-09-24 12:11:24,29,1780,64,256,384,8,997.708,949,Heavy
2026-09-24 12:11:24,2026-09-24 12:11:25,29,1781,16,512,198,8,1019.07,932,Heavy
2026-09-24 12:11:25,2026-09-24 12:11:26,29,1782,64,128,512,8,1029.24,929,Heavy
2026-09-24 12:11:26,2026-09-24 12:11:27,29,1783,16,1024,384,8,956.18,962,Heavy
2026-09-24 12:11:27,2026-09-24 12:11:28,29,1784,16,2048,512,8,950.488,905,Heavy
2026-09-24 12:11:28,2026-09-24 12:11:29,29,1785,16,2048,198,8,970.44,873,Heavy
2026-09-24 12:11:29,2026-09-24 12:11:30,29,1786,64,128,256,8,1034.45,896,Heavy
2026-09-24 12:11:30,2026-09-24 12:11:31,29,1787,32,256,256,8,1023.51,1010,Heavy
2026-09-24 12:11:31,2026-09-24 12:11:32,29,1788,64,512,384,8,974.38,968,Heavy
2026-09-24 12:11:32,2026-09-24 12:11:33,29,1789,64,128,384,8,1053.03,929,Heavy
2026-09-24 12:11:34,2026-09-24 12:11:34,29,1790,32,1024,384,8,955.564,923,Heavy
2026-09-24 12:11:35,2026-09-24 12:11:36,29,1791,16,128,512,8,1050.02,923,Heavy
2026-09-24 12:11:36,2026-09-24 12:11:37,29,1792,32,2048,198,8,968.62,923,Heavy
2026-09-24 12:11:37,2026-09-24 12:11:38,29,1793,64,1024,198,8,988.682,908,Heavy
2026-09-24 12:11:38,2026-09-24 12:11:39,29,1794,32,512,256,8,984.681,926,Heavy
2026-09-24 12:11:39,2026-09-24 12:11:40,29,1795,64,256,512,8,993.134,923,Heavy
2026-09-24 12:11:40,2026-09-24 12:11:41,29,1796,32,128,384,8,1049.1,951,Heavy
2026-09-24 12:11:41,2026-09-24 12:11:42,29,1797,64,1024,384,8,973.53,937,Heavy
2026-09-24 12:11:42,2026-09-24 12:11:43,29,1798,32,256,198,8,1036.86,929,Heavy
2026-09-24 12:11:43,2026-09-24 12:11:44,29,1799,16,256,256,8,1037.8,955,Heavy
2026-09-24 12:11:44,2026-09-24 12:11:45,29,1800,16,1024,512,8,943.341,937,Heavy
